[09Oct2025 05:20:12.509] [main/INFO] [cpw.mods.modlauncher.Launcher/MODLAUNCHER]: ModLauncher running: args [--launchTarget, forgeserver, --fml.forgeVersion, 40.2.21, --fml.mcVersion, 1.18.2, --fml.forgeGroup, net.minecraftforge, --fml.mcpVersion, 20220404.173914, nogui]
[09Oct2025 05:20:12.513] [main/INFO] [cpw.mods.modlauncher.Launcher/MODLAUNCHER]: ModLauncher 9.1.3+9.1.3+main.9b69c82a starting: java version 17.0.16 by Ubuntu
[09Oct2025 05:20:13.096] [main/INFO] [mixin/]: SpongePowered MIXIN Subsystem Version=0.8.5 Source=union:/workspaces/astral/servidor_minecraft/libraries/org/spongepowered/mixin/0.8.5/mixin-0.8.5.jar%2314!/ Service=ModLauncher Env=SERVER
[09Oct2025 05:20:13.336] [main/INFO] [net.minecraftforge.fml.loading.moddiscovery.JarInJarDependencyLocator/]: Found 5 dependencies adding them to mods collection
[09Oct2025 05:20:13.892] [main/WARN] [net.minecraftforge.fml.loading.moddiscovery.ModFileParser/LOADING]: Mod file /workspaces/astral/servidor_minecraft/libraries/net/minecraftforge/fmlcore/1.18.2-40.2.21/fmlcore-1.18.2-40.2.21.jar is missing mods.toml file
[09Oct2025 05:20:13.893] [main/WARN] [net.minecraftforge.fml.loading.moddiscovery.ModFileParser/LOADING]: Mod file /workspaces/astral/servidor_minecraft/libraries/net/minecraftforge/javafmllanguage/1.18.2-40.2.21/javafmllanguage-1.18.2-40.2.21.jar is missing mods.toml file
[09Oct2025 05:20:13.894] [main/WARN] [net.minecraftforge.fml.loading.moddiscovery.ModFileParser/LOADING]: Mod file /workspaces/astral/servidor_minecraft/libraries/net/minecraftforge/lowcodelanguage/1.18.2-40.2.21/lowcodelanguage-1.18.2-40.2.21.jar is missing mods.toml file
[09Oct2025 05:20:13.895] [main/WARN] [net.minecraftforge.fml.loading.moddiscovery.ModFileParser/LOADING]: Mod file /workspaces/astral/servidor_minecraft/libraries/net/minecraftforge/mclanguage/1.18.2-40.2.21/mclanguage-1.18.2-40.2.21.jar is missing mods.toml file
[09Oct2025 05:20:14.076] [main/WARN] [net.minecraftforge.jarjar.selection.JarSelector/]: Attempted to select a dependency jar for JarJar which was passed in as source: MixinSquared-0.1.2-beta.5.jar. Using Mod File: 
[09Oct2025 05:20:14.076] [main/WARN] [net.minecraftforge.jarjar.selection.JarSelector/]: Attempted to select a dependency jar for JarJar which was passed in as source: mixinextras. Using Mod File: 
[09Oct2025 05:20:14.077] [main/WARN] [net.minecraftforge.jarjar.selection.JarSelector/]: Attempted to select a dependency jar for JarJar which was passed in as source: MixinExtras-0.3.5.jar. Using Mod File: 
[09Oct2025 05:20:14.077] [main/WARN] [net.minecraftforge.jarjar.selection.JarSelector/]: Attempted to select a dependency jar for JarJar which was passed in as source: mixinsquared. Using Mod File: 
[09Oct2025 05:20:14.077] [main/INFO] [net.minecraftforge.fml.loading.moddiscovery.JarInJarDependencyLocator/]: Found 5 dependencies adding them to mods collection
[09Oct2025 05:20:14.193] [main/WARN] [net.minecraftforge.jarjar.selection.JarSelector/]: Attempted to select a dependency jar for JarJar which was passed in as source: MixinSquared-0.1.2-beta.5.jar. Using Mod File: 
[09Oct2025 05:20:14.193] [main/WARN] [net.minecraftforge.jarjar.selection.JarSelector/]: Attempted to select a dependency jar for JarJar which was passed in as source: mixinextras. Using Mod File: 
[09Oct2025 05:20:14.193] [main/WARN] [net.minecraftforge.jarjar.selection.JarSelector/]: Attempted to select a dependency jar for JarJar which was passed in as source: MixinExtras-0.3.5.jar. Using Mod File: 
[09Oct2025 05:20:14.193] [main/WARN] [net.minecraftforge.jarjar.selection.JarSelector/]: Attempted to select a dependency jar for JarJar which was passed in as source: commonality. Using Mod File: 
[09Oct2025 05:20:14.193] [main/WARN] [net.minecraftforge.jarjar.selection.JarSelector/]: Attempted to select a dependency jar for JarJar which was passed in as source: flywheel. Using Mod File: 
[09Oct2025 05:20:14.194] [main/WARN] [net.minecraftforge.jarjar.selection.JarSelector/]: Attempted to select a dependency jar for JarJar which was passed in as source: mixinsquared. Using Mod File: 
[09Oct2025 05:20:14.194] [main/WARN] [net.minecraftforge.jarjar.selection.JarSelector/]: Attempted to select a dependency jar for JarJar which was passed in as source: tcdcommons. Using Mod File: 
[09Oct2025 05:20:14.194] [main/WARN] [net.minecraftforge.jarjar.selection.JarSelector/]: Attempted to select a dependency jar for JarJar which was passed in as source: Registrate-MC1.18.2-1.1.3.jar. Using Mod File: 
[09Oct2025 05:20:14.194] [main/WARN] [net.minecraftforge.jarjar.selection.JarSelector/]: Attempted to select a dependency jar for JarJar which was passed in as source: apexcore. Using Mod File: 
[09Oct2025 05:20:14.194] [main/INFO] [net.minecraftforge.fml.loading.moddiscovery.JarInJarDependencyLocator/]: No dependencies to load found. Skipping!
[09Oct2025 05:20:20.659] [main/ERROR] [mixin/]: Mixin config dynamiclightsreforged.mixins.json does not specify "minVersion" property
[09Oct2025 05:20:20.669] [main/INFO] [mixin/]: Compatibility level set to JAVA_17
[09Oct2025 05:20:20.871] [main/ERROR] [mixin/]: Mixin config pmmo.mixins.json does not specify "minVersion" property
[09Oct2025 05:20:20.898] [main/ERROR] [mixin/]: Mixin config radium.mixins.json does not specify "minVersion" property
[09Oct2025 05:20:21.142] [main/ERROR] [mixin/]: Mixin config rei-jei-internals-workaround.mixins.json does not specify "minVersion" property
[09Oct2025 05:20:21.234] [main/ERROR] [mixin/]: Mixin config polylib.mixins.json does not specify "minVersion" property
[09Oct2025 05:20:21.368] [main/ERROR] [mixin/]: Mixin config rei.mixins.json does not specify "minVersion" property
[09Oct2025 05:20:21.501] [main/INFO] [mixin/]: Successfully loaded Mixin Connector [com.sonicether.soundphysics.MixinConnector]
[09Oct2025 05:20:21.502] [main/INFO] [mixin/]: Successfully loaded Mixin Connector [tictim.paraglider.MixinConnector]
[09Oct2025 05:20:21.503] [main/INFO] [mixin/]: Successfully loaded Mixin Connector [ca.spottedleaf.starlight.mixin.MixinConnector]
[09Oct2025 05:20:21.513] [main/INFO] [cpw.mods.modlauncher.LaunchServiceHandler/MODLAUNCHER]: Launching target 'forgeserver' with arguments [nogui]
[09Oct2025 05:20:21.548] [main/INFO] [com.abdelaziz.saturn.common.Saturn/]: Loaded Saturn config file with 4 configurable options
[09Oct2025 05:20:21.759] [main/INFO] [ModernFix/]: Loaded configuration file for ModernFix 5.18.0+mc1.18.2: 80 options available, 1 override(s) found
[09Oct2025 05:20:21.760] [main/WARN] [ModernFix/]: Option 'mixin.bugfix.item_cache_flag' overriden (by mods [radium]) to 'false'
[09Oct2025 05:20:21.760] [main/INFO] [ModernFix/]: Applying Nashorn fix
[09Oct2025 05:20:21.773] [main/INFO] [ModernFix/]: Applied Forge config corruption patch
[09Oct2025 05:20:21.805] [main/WARN] [mixin/]: Reference map 'wildbackport-forge-refmap.json' for wildbackport.mixins.json could not be read. If this is a development environment you can ignore this message
[09Oct2025 05:20:21.999] [main/WARN] [mixin/]: Reference map 'yungsbridges.refmap.json' for yungsbridges.mixins.json could not be read. If this is a development environment you can ignore this message
[09Oct2025 05:20:22.003] [main/WARN] [mixin/]: Reference map 'yungsbridges.refmap.json' for yungsbridges_forge.mixins.json could not be read. If this is a development environment you can ignore this message
[09Oct2025 05:20:22.019] [main/WARN] [mixin/]: Reference map 'yungsextras.refmap.json' for yungsextras.mixins.json could not be read. If this is a development environment you can ignore this message
[09Oct2025 05:20:22.024] [main/WARN] [mixin/]: Reference map 'yungsextras.refmap.json' for yungsextras_forge.mixins.json could not be read. If this is a development environment you can ignore this message
[09Oct2025 05:20:22.065] [main/INFO] [Radium/]: Loaded configuration file for Radium: 100 options available, 1 override(s) found
[09Oct2025 05:20:22.125] [main/WARN] [mixin/]: Reference map 'untamedwilds.refmap.json' for untamedwilds.mixins.json could not be read. If this is a development environment you can ignore this message
[09Oct2025 05:20:22.143] [main/WARN] [mixin/]: Reference map 'thirst.refmap.json' for villagercomfort.mixin.json could not be read. If this is a development environment you can ignore this message
[09Oct2025 05:20:22.271] [main/WARN] [mixin/]: Reference map 'cristellib-common-refmap.json' for cristellib-common.mixins.json could not be read. If this is a development environment you can ignore this message
[09Oct2025 05:20:22.274] [main/WARN] [mixin/]: Reference map 'cristellib-forge-refmap.json' for cristellib.mixins.json could not be read. If this is a development environment you can ignore this message
[09Oct2025 05:20:22.361] [main/WARN] [mixin/]: Reference map 'insanelib.refmap.json' for insanelib.mixins.json could not be read. If this is a development environment you can ignore this message
[09Oct2025 05:20:22.374] [main/WARN] [mixin/]: Reference map 'piglinproliferation.refmap.json' for piglinproliferation.mixins.json could not be read. If this is a development environment you can ignore this message
[09Oct2025 05:20:22.457] [main/WARN] [mixin/]: Reference map 'medievalmusic.refmap.json' for medievalmusic.mixins.json could not be read. If this is a development environment you can ignore this message
[09Oct2025 05:20:22.503] [main/WARN] [mixin/]: Reference map 'polylib-common-refmap.json' for polylib.mixins.json could not be read. If this is a development environment you can ignore this message
[09Oct2025 05:20:22.598] [main/WARN] [mixin/]: Reference map 'creativecore.mixins.refmap.json' for creativecore.mixins.json could not be read. If this is a development environment you can ignore this message
[09Oct2025 05:20:22.602] [main/WARN] [mixin/]: Reference map 'nethersdelight.refmap.json' for nethersdelight.mixins.json could not be read. If this is a development environment you can ignore this message
[09Oct2025 05:20:23.453] [main/WARN] [mixin/]: Error loading class: net/minecraft/client/model/geom/ModelPart (java.lang.ClassNotFoundException: net.minecraft.client.model.geom.ModelPart)
[09Oct2025 05:20:23.454] [main/WARN] [mixin/]: @Mixin target net.minecraft.client.model.geom.ModelPart was not found wildbackport-common.mixins.json:access.ModelPartAccessor
[09Oct2025 05:20:23.460] [main/FATAL] [net.minecraftforge.fml.loading.RuntimeDistCleaner/DISTXFORM]: Attempted to load class net/minecraft/client/renderer/RenderType for invalid dist DEDICATED_SERVER
[09Oct2025 05:20:23.461] [main/WARN] [mixin/]: Error loading class: net/minecraft/client/renderer/RenderType (java.lang.RuntimeException: Attempted to load class net/minecraft/client/renderer/RenderType for invalid dist DEDICATED_SERVER)
[09Oct2025 05:20:23.461] [main/WARN] [mixin/]: @Mixin target net.minecraft.client.renderer.RenderType was not found wildbackport-common.mixins.json:access.RenderTypeAccessor
[09Oct2025 05:20:23.463] [main/FATAL] [net.minecraftforge.fml.loading.RuntimeDistCleaner/DISTXFORM]: Attempted to load class net/minecraft/client/renderer/Sheets for invalid dist DEDICATED_SERVER
[09Oct2025 05:20:23.463] [main/WARN] [mixin/]: Error loading class: net/minecraft/client/renderer/Sheets (java.lang.RuntimeException: Attempted to load class net/minecraft/client/renderer/Sheets for invalid dist DEDICATED_SERVER)
[09Oct2025 05:20:23.463] [main/WARN] [mixin/]: @Mixin target net.minecraft.client.renderer.Sheets was not found wildbackport-common.mixins.json:access.SheetsAccessor
[09Oct2025 05:20:23.514] [main/WARN] [mixin/]: Error loading class: net/silentchaos512/gear/item/gear/GearCrossbowItem (java.lang.ClassNotFoundException: net.silentchaos512.gear.item.gear.GearCrossbowItem)
[09Oct2025 05:20:23.620] [main/INFO] [net.minecraftforge.coremod.CoreMod.apotheosis/COREMODLOG]: Replaced 2 calls to Enchantment#getMaxLevel() in net/minecraft/world/inventory/AnvilMenu
[09Oct2025 05:20:23.719] [main/INFO] [net.minecraftforge.coremod.CoreMod.itemphysic/COREMODLOG]: find block call
[09Oct2025 05:20:23.890] [main/WARN] [Radium/]: Force-disabling mixin 'ai.poi.PointOfInterestSetMixin' as rule 'mixin.ai.poi' (added by user configuration) disables it and children
[09Oct2025 05:20:23.891] [main/WARN] [Radium/]: Force-disabling mixin 'ai.poi.PointOfInterestStorageMixin' as rule 'mixin.ai.poi' (added by user configuration) disables it and children
[09Oct2025 05:20:23.892] [main/WARN] [Radium/]: Force-disabling mixin 'ai.poi.PointOfInterestTypeMixin' as rule 'mixin.ai.poi' (added by user configuration) disables it and children
[09Oct2025 05:20:23.892] [main/WARN] [Radium/]: Force-disabling mixin 'ai.poi.SerializingRegionBasedStorageMixin' as rule 'mixin.ai.poi' (added by user configuration) disables it and children
[09Oct2025 05:20:23.893] [main/WARN] [Radium/]: Force-disabling mixin 'ai.poi.fast_portals.PortalForcerMixin' as rule 'mixin.ai.poi' (added by user configuration) disables it and children
[09Oct2025 05:20:23.893] [main/WARN] [Radium/]: Force-disabling mixin 'ai.poi.poi.tasks.HideInHomeTaskMixin' as rule 'mixin.ai.poi' (added by user configuration) disables it and children
[09Oct2025 05:20:23.894] [main/WARN] [Radium/]: Force-disabling mixin 'ai.poi.poi.tasks.RaiderEntityAttackHomeGoalMixin' as rule 'mixin.ai.poi' (added by user configuration) disables it and children
[09Oct2025 05:20:24.109] [main/INFO] [net.minecraftforge.coremod.CoreMod.apotheosis/COREMODLOG]: Patching FishingHook#catchingFish
[09Oct2025 05:20:24.137] [main/WARN] [mixin/]: Error loading class: mezz/jei/common/transfer/RecipeTransferUtil (java.lang.ClassNotFoundException: mezz.jei.common.transfer.RecipeTransferUtil)
[09Oct2025 05:20:24.137] [main/WARN] [mixin/]: @Mixin target mezz.jei.common.transfer.RecipeTransferUtil was not found polymorph_integrations.mixins.json:jei.MixinRecipeTransferUtil
[09Oct2025 05:20:24.233] [main/WARN] [mixin/]: Error loading class: com/mrcrayfish/configured/impl/forge/ForgeConfig (java.lang.ClassNotFoundException: com.mrcrayfish.configured.impl.forge.ForgeConfig)
[09Oct2025 05:20:24.233] [main/WARN] [mixin/]: @Mixin target com.mrcrayfish.configured.impl.forge.ForgeConfig was not found dawncraft-fixes.mixins.json:configured.ForgeConfigMixin
[09Oct2025 05:20:24.248] [main/FATAL] [net.minecraftforge.fml.loading.RuntimeDistCleaner/DISTXFORM]: Attempted to load class me/shedaniel/rei/impl/client/search/argument/type/TooltipArgumentType for invalid dist DEDICATED_SERVER
[09Oct2025 05:20:24.249] [main/WARN] [mixin/]: Error loading class: me/shedaniel/rei/impl/client/search/argument/type/TooltipArgumentType (java.lang.RuntimeException: Attempted to load class me/shedaniel/rei/impl/client/search/argument/type/TooltipArgumentType for invalid dist DEDICATED_SERVER)
[09Oct2025 05:20:24.249] [main/WARN] [mixin/]: @Mixin target me.shedaniel.rei.impl.client.search.argument.type.TooltipArgumentType was not found dawncraft-fixes.mixins.json:rei.TooltipArgumentTypeMixin
[09Oct2025 05:20:24.254] [main/WARN] [mixin/]: Error loading class: com/teamderpy/shouldersurfing/client/ShoulderRenderer (java.lang.ClassNotFoundException: com.teamderpy.shouldersurfing.client.ShoulderRenderer)
[09Oct2025 05:20:24.254] [main/WARN] [mixin/]: @Mixin target com.teamderpy.shouldersurfing.client.ShoulderRenderer was not found dawncraft-fixes.mixins.json:shouldersurfing.ShoulderRendererMixin
[09Oct2025 05:20:24.266] [main/WARN] [mixin/]: Error loading class: com/cursedcauldron/unvotedandshelved/events/MobEvents (java.lang.ClassNotFoundException: com.cursedcauldron.unvotedandshelved.events.MobEvents)
[09Oct2025 05:20:24.267] [main/WARN] [mixin/]: @Mixin target com.cursedcauldron.unvotedandshelved.events.MobEvents was not found dawncraft-fixes.mixins.json:unvoted.MixinMobEvents
[09Oct2025 05:20:24.414] [main/INFO] [terralith/]: No config file detected. Creating one...
[09Oct2025 05:20:24.423] [main/INFO] [terralith/]: Loading config for 'terrablender_compatibility': TRUE
[09Oct2025 05:20:24.424] [main/INFO] [terralith/]: No config file detected. Creating one...
[09Oct2025 05:20:24.424] [main/INFO] [terralith/]: Loading config for 'cursed_skylands': NONE
[09Oct2025 05:20:24.562] [main/INFO] [net.minecraftforge.coremod.CoreMod.apotheosis/COREMODLOG]: Replaced 1 calls to Enchantment#getMaxLevel() in net/minecraft/world/entity/npc/VillagerTrades$EnchantBookForEmeralds
[09Oct2025 05:20:24.562] [main/INFO] [net.minecraftforge.coremod.CoreMod.apotheosis/COREMODLOG]: Replaced 1 calls to Enchantment#isTreasureOnly() in net/minecraft/world/entity/npc/VillagerTrades$EnchantBookForEmeralds
[09Oct2025 05:20:24.563] [main/INFO] [net.minecraftforge.coremod.CoreMod.apotheosis/COREMODLOG]: Replaced 1 calls to Enchantment#isTradeable() in net/minecraft/world/entity/npc/VillagerTrades$EnchantBookForEmeralds
[09Oct2025 05:20:24.581] [main/INFO] [net.minecraftforge.coremod.CoreMod.apotheosis/COREMODLOG]: Replaced 2 calls to Enchantment#getMaxLevel() in net/minecraft/world/item/EnchantedBookItem
[09Oct2025 05:20:24.599] [main/INFO] [net.minecraftforge.coremod.CoreMod.apotheosis/COREMODLOG]: Replaced 1 calls to Enchantment#getMaxLevel() in net/minecraft/world/level/storage/loot/functions/EnchantRandomlyFunction
[09Oct2025 05:20:24.599] [main/INFO] [net.minecraftforge.coremod.CoreMod.apotheosis/COREMODLOG]: Replaced 1 calls to Enchantment#isDiscoverable() in net/minecraft/world/level/storage/loot/functions/EnchantRandomlyFunction
[09Oct2025 05:20:24.617] [main/FATAL] [net.minecraftforge.fml.loading.RuntimeDistCleaner/DISTXFORM]: Attempted to load class net/minecraft/client/player/AbstractClientPlayer for invalid dist DEDICATED_SERVER
[09Oct2025 05:20:24.617] [main/WARN] [mixin/]: Error loading class: net/minecraft/client/player/AbstractClientPlayer (java.lang.RuntimeException: Attempted to load class net/minecraft/client/player/AbstractClientPlayer for invalid dist DEDICATED_SERVER)
[09Oct2025 05:20:24.617] [main/WARN] [mixin/]: @Mixin target net.minecraft.client.player.AbstractClientPlayer was not found mixins.irons_spellbooks.json:AbstractClientPlayerMixin
[09Oct2025 05:20:24.652] [main/FATAL] [net.minecraftforge.fml.loading.RuntimeDistCleaner/DISTXFORM]: Attempted to load class net/minecraft/client/gui/Gui for invalid dist DEDICATED_SERVER
[09Oct2025 05:20:24.652] [main/WARN] [mixin/]: Error loading class: net/minecraft/client/gui/Gui (java.lang.RuntimeException: Attempted to load class net/minecraft/client/gui/Gui for invalid dist DEDICATED_SERVER)
[09Oct2025 05:20:24.652] [main/WARN] [mixin/]: @Mixin target net.minecraft.client.gui.Gui was not found mixins.irons_spellbooks.json:GuiMixin
[09Oct2025 05:20:24.654] [main/FATAL] [net.minecraftforge.fml.loading.RuntimeDistCleaner/DISTXFORM]: Attempted to load class net/minecraft/client/renderer/entity/ItemRenderer for invalid dist DEDICATED_SERVER
[09Oct2025 05:20:24.654] [main/WARN] [mixin/]: Error loading class: net/minecraft/client/renderer/entity/ItemRenderer (java.lang.RuntimeException: Attempted to load class net/minecraft/client/renderer/entity/ItemRenderer for invalid dist DEDICATED_SERVER)
[09Oct2025 05:20:24.654] [main/WARN] [mixin/]: @Mixin target net.minecraft.client.renderer.entity.ItemRenderer was not found mixins.irons_spellbooks.json:ItemRendererMixin
[09Oct2025 05:20:24.663] [main/FATAL] [net.minecraftforge.fml.loading.RuntimeDistCleaner/DISTXFORM]: Attempted to load class net/minecraft/client/player/LocalPlayer for invalid dist DEDICATED_SERVER
[09Oct2025 05:20:24.663] [main/WARN] [mixin/]: Error loading class: net/minecraft/client/player/LocalPlayer (java.lang.RuntimeException: Attempted to load class net/minecraft/client/player/LocalPlayer for invalid dist DEDICATED_SERVER)
[09Oct2025 05:20:24.663] [main/WARN] [mixin/]: @Mixin target net.minecraft.client.player.LocalPlayer was not found mixins.irons_spellbooks.json:LocalPlayerMixin
[09Oct2025 05:20:24.664] [main/FATAL] [net.minecraftforge.fml.loading.RuntimeDistCleaner/DISTXFORM]: Attempted to load class net/minecraft/client/particle/Particle for invalid dist DEDICATED_SERVER
[09Oct2025 05:20:24.664] [main/WARN] [mixin/]: Error loading class: net/minecraft/client/particle/Particle (java.lang.RuntimeException: Attempted to load class net/minecraft/client/particle/Particle for invalid dist DEDICATED_SERVER)
[09Oct2025 05:20:24.664] [main/WARN] [mixin/]: @Mixin target net.minecraft.client.particle.Particle was not found mixins.irons_spellbooks.json:ParticleMixin
[09Oct2025 05:20:24.665] [main/WARN] [mixin/]: Error loading class: net/minecraft/client/renderer/entity/layers/SpinAttackEffectLayer (java.lang.ClassNotFoundException: net.minecraft.client.renderer.entity.layers.SpinAttackEffectLayer)
[09Oct2025 05:20:24.665] [main/WARN] [mixin/]: @Mixin target net.minecraft.client.renderer.entity.layers.SpinAttackEffectLayer was not found mixins.irons_spellbooks.json:SpinAttackEffectLayerMixin
[09Oct2025 05:20:24.670] [main/WARN] [mixin/]: Error loading class: dev/ftb/mods/ftbchunks/data/ClaimedChunkManager (java.lang.ClassNotFoundException: dev.ftb.mods.ftbchunks.data.ClaimedChunkManager)
[09Oct2025 05:20:24.670] [main/WARN] [mixin/]: @Mixin target dev.ftb.mods.ftbchunks.data.ClaimedChunkManager was not found doespotatotick.mixins.json:ClaimedChunkManagerAccessor
[09Oct2025 05:20:25.035] [main/INFO] [MixinExtras|Service/]: Initializing MixinExtras via com.llamalad7.mixinextras.service.MixinExtrasServiceImpl(version=0.3.5).
[09Oct2025 05:20:25.681] [main/INFO] [net.minecraft.server.Bootstrap/]: ModernFix reached bootstrap stage (15.47 s after launch)
[09Oct2025 05:20:26.043] [main/INFO] [ModernFix/]: Injecting BlockStateBase cache population hook into getOpacityIfCached from ca.spottedleaf.starlight.mixin.common.blockstate.BlockStateBaseMixin
[09Oct2025 05:20:26.044] [main/INFO] [ModernFix/]: Injecting BlockStateBase cache population hook into getNeighborPathNodeType from me.jellysquid.mods.lithium.mixin.ai.pathing.AbstractBlockStateMixin
[09Oct2025 05:20:26.044] [main/INFO] [ModernFix/]: Injecting BlockStateBase cache population hook into getPathNodeType from me.jellysquid.mods.lithium.mixin.ai.pathing.AbstractBlockStateMixin
[09Oct2025 05:20:26.045] [main/INFO] [ModernFix/]: Injecting BlockStateBase cache population hook into m_60823_ from me.jellysquid.mods.lithium.mixin.block.flatten_states.AbstractBlockStateMixin
[09Oct2025 05:20:26.045] [main/INFO] [ModernFix/]: Injecting BlockStateBase cache population hook into isConditionallyFullOpaque from ca.spottedleaf.starlight.mixin.common.blockstate.BlockStateBaseMixin
[09Oct2025 05:20:26.045] [main/INFO] [ModernFix/]: Injecting BlockStateBase cache population hook into getAllFlags from me.jellysquid.mods.lithium.mixin.chunk.block_counting.AbstractBlockStateMixin
[09Oct2025 05:20:27.255] [main/INFO] [net.minecraftforge.coremod.CoreMod.itemphysic/COREMODLOG]: find block call
[09Oct2025 05:20:27.606] [main/WARN] [mixin/]: Static binding violation: PRIVATE @Overwrite method m_47505_ in modernfix-common.mixins.json:perf.remove_biome_temperature_cache.BiomeMixin cannot reduce visibiliy of PUBLIC target method, visibility will be upgraded.
[09Oct2025 05:20:28.272] [main/WARN] [mixin/]: @Redirect conflict. Skipping redirector.mixins.json:net.minecraft.world.level.block.piston.PistonBaseBlockMixin->@Redirect::redirectDirections()[Lnet/minecraft/core/Direction; with priority 10, already redirected by radium.mixins.json:alloc.enum_values.PistonBlockMixin->@Redirect::removeAllocation()[Lnet/minecraft/core/Direction; with priority 1000
[09Oct2025 05:20:28.272] [main/WARN] [mixin/]: @Redirect conflict. Skipping redirector.mixins.json:net.minecraft.world.level.block.piston.PistonBaseBlockMixin->@Redirect::redirectDirections()[Lnet/minecraft/core/Direction; with priority 10, already redirected by radium.mixins.json:alloc.enum_values.PistonBlockMixin->@Redirect::removeAllocation()[Lnet/minecraft/core/Direction; with priority 1000
[09Oct2025 05:20:28.336] [main/WARN] [mixin/]: @Redirect conflict. Skipping redirector.mixins.json:net.minecraft.world.level.block.RedStoneWireBlockMixin->@Redirect::redirectDirections()[Lnet/minecraft/core/Direction; with priority 10, already redirected by radium.mixins.json:alloc.enum_values.RedstoneWireBlockMixin->@Redirect::removeAllocation1()[Lnet/minecraft/core/Direction; with priority 1000
[09Oct2025 05:20:28.337] [main/WARN] [mixin/]: @Redirect conflict. Skipping redirector.mixins.json:net.minecraft.world.level.block.RedStoneWireBlockMixin->@Redirect::redirectDirections()[Lnet/minecraft/core/Direction; with priority 10, already redirected by radium.mixins.json:alloc.enum_values.RedstoneWireBlockMixin->@Redirect::removeAllocation2()[Lnet/minecraft/core/Direction; with priority 1000
[09Oct2025 05:20:29.376] [main/WARN] [mixin/]: @Redirect conflict. Skipping redirector.mixins.json:net.minecraft.world.level.block.piston.PistonStructureResolverMixin->@Redirect::redirectDirections()[Lnet/minecraft/core/Direction; with priority 10, already redirected by radium.mixins.json:alloc.enum_values.PistonHandlerMixin->@Redirect::removeAllocation()[Lnet/minecraft/core/Direction; with priority 1000
[09Oct2025 05:20:29.437] [main/INFO] [net.minecraft.server.Bootstrap/]: Vanilla bootstrap took 3753 milliseconds
[09Oct2025 05:20:30.157] [main/INFO] [net.minecraftforge.coremod.CoreMod.apotheosis/COREMODLOG]: Replaced 5 calls to Enchantment#getMaxLevel() in vazkii/quark/content/tools/module/AncientTomesModule
[09Oct2025 05:20:30.271] [main/WARN] [mixin/]: @Final field f_31427_:[I in epicfight.mixins.json:MixinWitherBoss should be final
[09Oct2025 05:20:30.271] [main/WARN] [mixin/]: @Final field f_31428_:[I in epicfight.mixins.json:MixinWitherBoss should be final
[09Oct2025 05:20:30.334] [main/INFO] [net.minecraftforge.coremod.CoreMod.apotheosis/COREMODLOG]: Replaced 2 calls to Enchantment#getMaxLevel() in net/minecraft/world/inventory/AnvilMenu
[09Oct2025 05:20:30.338] [main/INFO] [net.minecraftforge.coremod.CoreMod.apotheosis/COREMODLOG]: Replaced 1 calls to Enchantment#getMaxLevel() in com/mrcrayfish/goblintraders/Hooks
[09Oct2025 05:20:31.136] [main/WARN] [mixin/]: @Redirect conflict. Skipping immersive_weathering-common.mixins.json:LevelChunkMixin->@Redirect::warn(Lorg/slf4j/Logger;Ljava/lang/String;Ljava/lang/Object;Ljava/lang/Object;)V with priority 1000, already redirected by supplementaries.mixins.json:LevelChunkMixin->@Redirect::warn(Lorg/slf4j/Logger;Ljava/lang/String;Ljava/lang/Object;Ljava/lang/Object;)V with priority 1000
[09Oct2025 05:20:32.161] [main/INFO] [net.minecraftforge.coremod.CoreMod.apotheosis/COREMODLOG]: Patching FishingHook#catchingFish
[09Oct2025 05:20:32.460] [main/WARN] [mixin/]: @ModifyConstant conflict. Skipping integrated_api.mixins.json:structures.StructurePoolMixin->@ModifyConstant::integrated_api_increaseWeightLimitDev(I)I with priority 1000, already redirected by yungsapi.mixins.json:IncreaseStructureWeightLimitMixin->@ModifyConstant::yungsapi_increaseWeightLimit(I)I with priority 1000
[09Oct2025 05:20:32.719] [main/INFO] [net.minecraftforge.coremod.CoreMod.apotheosis/COREMODLOG]: Replaced 2 calls to Enchantment#getMaxLevel() in net/minecraft/world/item/EnchantedBookItem
[09Oct2025 05:20:32.870] [main/INFO] [net.minecraftforge.registries.GameData/]: Potentially Dangerous alternative prefix `cloudstorage` for name `balloon_hurt`, expected `minecraft`. This could be a intended override, but in most cases indicates a broken mod.
[09Oct2025 05:20:32.870] [main/INFO] [net.minecraftforge.registries.GameData/]: Potentially Dangerous alternative prefix `cloudstorage` for name `balloon_pop`, expected `minecraft`. This could be a intended override, but in most cases indicates a broken mod.
[09Oct2025 05:20:32.871] [main/INFO] [net.minecraftforge.registries.GameData/]: Potentially Dangerous alternative prefix `cloudstorage` for name `bloviator_idle`, expected `minecraft`. This could be a intended override, but in most cases indicates a broken mod.
[09Oct2025 05:20:32.871] [main/INFO] [net.minecraftforge.registries.GameData/]: Potentially Dangerous alternative prefix `cloudstorage` for name `bloviator_hurt`, expected `minecraft`. This could be a intended override, but in most cases indicates a broken mod.
[09Oct2025 05:20:32.871] [main/INFO] [net.minecraftforge.registries.GameData/]: Potentially Dangerous alternative prefix `cloudstorage` for name `bloviator_blow`, expected `minecraft`. This could be a intended override, but in most cases indicates a broken mod.
[09Oct2025 05:20:32.871] [main/INFO] [net.minecraftforge.registries.GameData/]: Potentially Dangerous alternative prefix `cloudstorage` for name `bloviator_lightning`, expected `minecraft`. This could be a intended override, but in most cases indicates a broken mod.
[09Oct2025 05:20:32.872] [main/INFO] [net.minecraftforge.registries.GameData/]: Potentially Dangerous alternative prefix `cloudstorage` for name `cloud_chest_open`, expected `minecraft`. This could be a intended override, but in most cases indicates a broken mod.
[09Oct2025 05:20:32.872] [main/INFO] [net.minecraftforge.registries.GameData/]: Potentially Dangerous alternative prefix `cloudstorage` for name `cloud_chest_close`, expected `minecraft`. This could be a intended override, but in most cases indicates a broken mod.
[09Oct2025 05:20:32.872] [main/INFO] [net.minecraftforge.registries.GameData/]: Potentially Dangerous alternative prefix `cloudstorage` for name `static_shock`, expected `minecraft`. This could be a intended override, but in most cases indicates a broken mod.
[09Oct2025 05:20:32.872] [main/INFO] [net.minecraftforge.registries.GameData/]: Potentially Dangerous alternative prefix `cloudstorage` for name `music_disc_drift`, expected `minecraft`. This could be a intended override, but in most cases indicates a broken mod.
[09Oct2025 05:20:32.873] [main/INFO] [net.minecraftforge.registries.GameData/]: Potentially Dangerous alternative prefix `cloudstorage` for name `balloon_salesman`, expected `minecraft`. This could be a intended override, but in most cases indicates a broken mod.
[09Oct2025 05:20:33.386] [main/INFO] [net.minecraftforge.coremod.CoreMod.apotheosis/COREMODLOG]: Replaced 1 calls to Enchantment#getMaxLevel() in net/minecraft/world/level/storage/loot/functions/EnchantRandomlyFunction
[09Oct2025 05:20:33.386] [main/INFO] [net.minecraftforge.coremod.CoreMod.apotheosis/COREMODLOG]: Replaced 1 calls to Enchantment#isDiscoverable() in net/minecraft/world/level/storage/loot/functions/EnchantRandomlyFunction
[09Oct2025 05:20:33.515] [main/WARN] [mixin/]: @ModifyVariable(@At("INVOKE")) Shift.BY=4 on infernal-expansion.mixins.json:common.MixinMultiNoiseBiomeSourcePreset::localvar$zbp000$IE_addNetherBiomes exceeds the maximum allowed value: 0. Increase the value of maxShiftBy to suppress this warning.
[09Oct2025 05:20:33.921] [modloading-worker-0/INFO] [dynamiclightsreforged/]: [LambDynLights] Initializing Dynamic Lights Reforged...
[09Oct2025 05:20:33.929] [modloading-worker-0/WARN] [APTweaks(Core)/]: ⚠ The log level for APTweaks(Core) is set to ALL, this will log all debug information and will cause performance issues. This is expected on an developer environment or for testing but not on a production environment!
[09Oct2025 05:20:33.932] [modloading-worker-0/WARN] [APTweaks(Core)/]: Adjusting log level for APTweaks(Core) from ALL to INFO, for performance reasons!
[09Oct2025 05:20:33.939] [modloading-worker-0/INFO] [APTweaks(Core)/]: Changing log level for APTweaks(Core) from ALL to INFO
[09Oct2025 05:20:33.957] [modloading-worker-0/INFO] [APTweaks(Core)/]: Register Adaptive Performance Tweaks: Core common config ...
[09Oct2025 05:20:33.981] [modloading-worker-0/INFO] [org.infernalstudios.secondchanceforge.SecondChanceForge/]: Second Chance: Sound Events Registered!
[09Oct2025 05:20:34.004] [modloading-worker-0/INFO] [org.infernalstudios.infernalexp.InfernalExpansion/]: Infernal Expansion: Sound Events Registered!
[09Oct2025 05:20:34.049] [modloading-worker-0/INFO] [Collective/]: [Collective] JSON file 'area_names.json' generation requested by mod 'areas'.
[09Oct2025 05:20:34.109] [modloading-worker-0/INFO] [epicfight/]: register skill epicfight:infernal_gainer_passive
[09Oct2025 05:20:34.121] [modloading-worker-0/INFO] [epicfight/]: register skill epicfight:infernal_gainer_innate
[09Oct2025 05:20:34.156] [modloading-worker-0/INFO] [epicfight/]: register skill epicfight:royal_guard
[09Oct2025 05:20:34.191] [modloading-worker-0/INFO] [org.infernalstudios.infernalexp.InfernalExpansion/]: Infernal Expansion: Blocks Registered!
[09Oct2025 05:20:34.192] [modloading-worker-0/INFO] [org.infernalstudios.infernalexp.InfernalExpansion/]: Infernal Expansion: Items Registered!
[09Oct2025 05:20:34.200] [modloading-worker-0/INFO] [org.infernalstudios.infernalexp.InfernalExpansion/]: Infernal Expansion: Effects Registered!
[09Oct2025 05:20:34.202] [modloading-worker-0/INFO] [org.infernalstudios.infernalexp.InfernalExpansion/]: Infernal Expansion: Potions Registered!
[09Oct2025 05:20:34.212] [modloading-worker-0/INFO] [org.infernalstudios.infernalexp.InfernalExpansion/]: Infernal Expansion: Entity Types Registered!
[09Oct2025 05:20:34.218] [modloading-worker-0/INFO] [org.infernalstudios.infernalexp.InfernalExpansion/]: Infernal Expansion: Painting Types Registered!
[09Oct2025 05:20:34.223] [modloading-worker-0/INFO] [org.infernalstudios.infernalexp.InfernalExpansion/]: Infernal Expansion: Tile Entity Types Registered!
[09Oct2025 05:20:34.236] [modloading-worker-0/INFO] [org.infernalstudios.infernalexp.InfernalExpansion/]: Infernal Expansion: Biomes Registered!
[09Oct2025 05:20:34.238] [modloading-worker-0/INFO] [org.infernalstudios.infernalexp.InfernalExpansion/]: Infernal Expansion: Loot Modifiers Registered!
[09Oct2025 05:20:34.246] [modloading-worker-0/INFO] [org.infernalstudios.infernalexp.InfernalExpansion/]: Infernal Expansion: Entity Classifications Registered!
[09Oct2025 05:20:34.634] [modloading-worker-0/INFO] [MaxHealthFix/]: Loaded maxhealthfix for Forge.
[09Oct2025 05:20:34.814] [modloading-worker-0/INFO] [tcdcommons/]: Initializing 'TCDCommons API' as 'TCDCommonsServer'.
[09Oct2025 05:20:35.136] [modloading-worker-0/INFO] [dev.wuffs.bcc.BCC/]: Better Compatibility Checker loading
[09Oct2025 05:20:35.200] [modloading-worker-0/INFO] [Puzzles Lib/]: Constructing common components for tinyskeletons:main
[09Oct2025 05:20:35.422] [modloading-worker-0/INFO] [com.yellowbrossproductions.illageandspillage.IllageAndSpillage/]: Loading config: /workspaces/astral/servidor_minecraft/config/illageandspillage-client.toml
[09Oct2025 05:20:35.425] [modloading-worker-0/INFO] [com.yellowbrossproductions.illageandspillage.IllageAndSpillage/]: Built config: /workspaces/astral/servidor_minecraft/config/illageandspillage-client.toml
[09Oct2025 05:20:35.425] [modloading-worker-0/INFO] [com.yellowbrossproductions.illageandspillage.IllageAndSpillage/]: Loaded config: /workspaces/astral/servidor_minecraft/config/illageandspillage-client.toml
[09Oct2025 05:20:35.425] [modloading-worker-0/INFO] [com.yellowbrossproductions.illageandspillage.IllageAndSpillage/]: Loading config: /workspaces/astral/servidor_minecraft/config/illageandspillage-common.toml
[09Oct2025 05:20:35.425] [modloading-worker-0/INFO] [com.yellowbrossproductions.illageandspillage.IllageAndSpillage/]: Built config: /workspaces/astral/servidor_minecraft/config/illageandspillage-common.toml
[09Oct2025 05:20:35.427] [modloading-worker-0/INFO] [com.yellowbrossproductions.illageandspillage.IllageAndSpillage/]: Loaded config: /workspaces/astral/servidor_minecraft/config/illageandspillage-common.toml
[09Oct2025 05:20:35.618] [modloading-worker-0/INFO] [Puzzles Lib/]: Constructing common components for mutantmonsters:main
[09Oct2025 05:20:35.753] [modloading-worker-0/INFO] [com.command_block.libraryferret.LibraryFerret/]: libraryferret - > Initialize library
[09Oct2025 05:20:35.775] [modloading-worker-0/INFO] [com.command_block.libraryferret.LibraryFerret/]: libraryferret - > Initialized library
[09Oct2025 05:20:35.810] [modloading-worker-0/INFO] [epicfight/]: register skill wom:ender_step
[09Oct2025 05:20:35.812] [modloading-worker-0/INFO] [epicfight/]: register skill wom:ender_obscuris
[09Oct2025 05:20:35.814] [modloading-worker-0/INFO] [epicfight/]: register skill wom:dodge_master
[09Oct2025 05:20:35.814] [modloading-worker-0/INFO] [epicfight/]: register skill wom:precise_roll
[09Oct2025 05:20:35.817] [modloading-worker-0/INFO] [epicfight/]: register skill wom:shadow_step
[09Oct2025 05:20:35.818] [modloading-worker-0/INFO] [epicfight/]: register skill wom:bull_charge
[09Oct2025 05:20:35.826] [modloading-worker-0/INFO] [epicfight/]: register skill wom:demon_mark_passive
[09Oct2025 05:20:35.851] [modloading-worker-0/INFO] [epicfight/]: register skill wom:torment_passive
[09Oct2025 05:20:35.852] [modloading-worker-0/INFO] [epicfight/]: register skill wom:ruine_passive
[09Oct2025 05:20:35.854] [modloading-worker-0/INFO] [epicfight/]: register skill wom:lunar_echo_passive
[09Oct2025 05:20:35.857] [modloading-worker-0/INFO] [epicfight/]: register skill wom:satsujin_passive
[09Oct2025 05:20:35.861] [modloading-worker-0/INFO] [epicfight/]: register skill wom:solar_passive
[09Oct2025 05:20:35.862] [modloading-worker-0/INFO] [epicfight/]: register skill wom:charybdis
[09Oct2025 05:20:35.863] [modloading-worker-0/INFO] [epicfight/]: register skill wom:agony_plunge
[09Oct2025 05:20:35.867] [modloading-worker-0/INFO] [epicfight/]: register skill wom:true_berserk
[09Oct2025 05:20:35.872] [modloading-worker-0/INFO] [epicfight/]: register skill wom:plunder_perdition
[09Oct2025 05:20:35.874] [modloading-worker-0/INFO] [epicfight/]: register skill wom:sakura_state
[09Oct2025 05:20:35.879] [modloading-worker-0/INFO] [epicfight/]: register skill wom:ender_blast
[09Oct2025 05:20:35.885] [modloading-worker-0/INFO] [epicfight/]: register skill wom:ender_fusion
[09Oct2025 05:20:35.897] [modloading-worker-0/INFO] [epicfight/]: register skill wom:demonic_ascension
[09Oct2025 05:20:35.901] [modloading-worker-0/INFO] [epicfight/]: register skill wom:regierung
[09Oct2025 05:20:35.905] [modloading-worker-0/INFO] [epicfight/]: register skill wom:lunar_eclipse
[09Oct2025 05:20:35.908] [modloading-worker-0/INFO] [epicfight/]: register skill wom:solar_arcano
[09Oct2025 05:20:35.914] [modloading-worker-0/INFO] [epicfight/]: register skill wom:counter_attack
[09Oct2025 05:20:35.921] [modloading-worker-0/INFO] [epicfight/]: register skill wom:perfect_bulwark
[09Oct2025 05:20:35.926] [modloading-worker-0/INFO] [epicfight/]: register skill wom:vengeful_parry
[09Oct2025 05:20:35.929] [modloading-worker-0/INFO] [epicfight/]: register skill wom:arrow_tenacity
[09Oct2025 05:20:35.931] [modloading-worker-0/INFO] [epicfight/]: register skill wom:pain_anticipation
[09Oct2025 05:20:35.942] [modloading-worker-0/INFO] [epicfight/]: register skill wom:latent_retribution
[09Oct2025 05:20:35.944] [modloading-worker-0/INFO] [epicfight/]: register skill wom:vampirize
[09Oct2025 05:20:35.947] [modloading-worker-0/INFO] [epicfight/]: register skill wom:critical_knowledge
[09Oct2025 05:20:35.949] [modloading-worker-0/INFO] [epicfight/]: register skill wom:heart_shield
[09Oct2025 05:20:35.956] [modloading-worker-0/INFO] [epicfight/]: register skill wom:mindset
[09Oct2025 05:20:35.961] [modloading-worker-0/INFO] [epicfight/]: register skill wom:adrenaline
[09Oct2025 05:20:35.965] [modloading-worker-0/INFO] [epicfight/]: register skill wom:dancing_blade
[09Oct2025 05:20:35.973] [modloading-worker-0/INFO] [epicfight/]: register skill wom:meditation
[09Oct2025 05:20:36.000] [modloading-worker-0/INFO] [epicfight/]: register skill falchionmoveset:falchion_art
[09Oct2025 05:20:36.082] [modloading-worker-0/WARN] [mixin/]: Method overwrite conflict for m_140184_ in radium.mixins.json:world.player_chunk_tick.ThreadedAnvilChunkStorageMixin, previously written by me.steinborn.krypton.mixin.shared.network.flushconsolidation.ThreadedAnvilChunkStorageMixin. Skipping method.
[09Oct2025 05:20:36.479] [modloading-worker-0/INFO] [net.minecraftforge.common.ForgeMod/FORGEMOD]: Forge mod loading, version 40.2.21, for MC 1.18.2 with MCP 20220404.173914
[09Oct2025 05:20:36.479] [modloading-worker-0/INFO] [net.minecraftforge.common.MinecraftForge/FORGE]: MinecraftForge v40.2.21 Initialized
[09Oct2025 05:20:36.566] [modloading-worker-0/INFO] [epicfight/]: register skill epicfight:diablejambu
[09Oct2025 05:20:36.567] [modloading-worker-0/INFO] [epicfight/]: register skill epicfight:conqueror_haki
[09Oct2025 05:20:36.571] [modloading-worker-0/INFO] [epicfight/]: register skill epicfight:armement_haki
[09Oct2025 05:20:36.737] [modloading-worker-0/INFO] [TrustedSourceList/]: Loading BlackListed sources from remote... (https://api.stopmodreposts.org/minecraft/sites.txt)
[09Oct2025 05:20:37.078] [modloading-worker-0/INFO] [TrustedSourceList/]: Loaded 564 BlackListed sources from remote
[09Oct2025 05:20:37.079] [modloading-worker-0/INFO] [TrustManager/]: Loading mod 'commonality' TrustWorthiness...
[09Oct2025 05:20:37.079] [modloading-worker-0/FATAL] [TrustManager/]: Could not determine mod trust worthiness, Assuming Jar was downloaded from trusted source!
[09Oct2025 05:20:37.079] [modloading-worker-0/INFO] [TrustManager/]: Loaded mod 'commonality' TrustWorthiness: UNKNOWN
[09Oct2025 05:20:37.167] [modloading-worker-0/INFO] [epicfight/]: register skill efdg:earthquake
[09Oct2025 05:20:37.169] [modloading-worker-0/INFO] [epicfight/]: register skill efdg:dualgreatsword
[09Oct2025 05:20:37.288] [modloading-worker-0/INFO] [epicfight/]: register skill epicfight:basic_attack
[09Oct2025 05:20:37.290] [modloading-worker-0/INFO] [epicfight/]: register skill epicfight:air_attack
[09Oct2025 05:20:37.291] [modloading-worker-0/INFO] [epicfight/]: register skill epicfight:roll
[09Oct2025 05:20:37.292] [modloading-worker-0/INFO] [epicfight/]: register skill epicfight:step
[09Oct2025 05:20:37.292] [modloading-worker-0/INFO] [epicfight/]: register skill epicfight:knockdown_wakeup
[09Oct2025 05:20:37.294] [modloading-worker-0/INFO] [epicfight/]: register skill epicfight:guard
[09Oct2025 05:20:37.299] [modloading-worker-0/INFO] [epicfight/]: register skill epicfight:parrying
[09Oct2025 05:20:37.303] [modloading-worker-0/INFO] [epicfight/]: register skill epicfight:impact_guard
[09Oct2025 05:20:37.309] [modloading-worker-0/INFO] [epicfight/]: register skill epicfight:berserker
[09Oct2025 05:20:37.310] [modloading-worker-0/INFO] [epicfight/]: register skill epicfight:death_harvest
[09Oct2025 05:20:37.311] [modloading-worker-0/INFO] [epicfight/]: register skill epicfight:emergency_escape
[09Oct2025 05:20:37.313] [modloading-worker-0/INFO] [epicfight/]: register skill epicfight:endurance
[09Oct2025 05:20:37.317] [modloading-worker-0/INFO] [epicfight/]: register skill epicfight:forbidden_strength
[09Oct2025 05:20:37.319] [modloading-worker-0/INFO] [epicfight/]: register skill epicfight:hypervitality
[09Oct2025 05:20:37.320] [modloading-worker-0/INFO] [epicfight/]: register skill epicfight:stamina_pillager
[09Oct2025 05:20:37.322] [modloading-worker-0/INFO] [epicfight/]: register skill epicfight:swordmaster
[09Oct2025 05:20:37.325] [modloading-worker-0/INFO] [epicfight/]: register skill epicfight:technician
[09Oct2025 05:20:37.327] [modloading-worker-0/INFO] [epicfight/]: register skill epicfight:sweeping_edge
[09Oct2025 05:20:37.332] [modloading-worker-0/INFO] [epicfight/]: register skill epicfight:dancing_edge
[09Oct2025 05:20:37.341] [modloading-worker-0/INFO] [epicfight/]: register skill epicfight:the_guillotine
[09Oct2025 05:20:37.342] [modloading-worker-0/INFO] [epicfight/]: register skill epicfight:grasping_spire
[09Oct2025 05:20:37.342] [modloading-worker-0/INFO] [epicfight/]: register skill epicfight:heartpiercer
[09Oct2025 05:20:37.345] [modloading-worker-0/INFO] [epicfight/]: register skill epicfight:steel_whirlwind
[09Oct2025 05:20:37.348] [modloading-worker-0/INFO] [epicfight/]: register skill epicfight:battojutsu
[09Oct2025 05:20:37.353] [modloading-worker-0/INFO] [epicfight/]: register skill epicfight:battojutsu_passive
[09Oct2025 05:20:37.354] [modloading-worker-0/INFO] [epicfight/]: register skill epicfight:rushing_tempo
[09Oct2025 05:20:37.359] [modloading-worker-0/INFO] [epicfight/]: register skill epicfight:relentless_combo
[09Oct2025 05:20:37.361] [modloading-worker-0/INFO] [epicfight/]: register skill epicfight:liechtenauer
[09Oct2025 05:20:37.366] [modloading-worker-0/INFO] [epicfight/]: register skill epicfight:sharp_stab
[09Oct2025 05:20:37.367] [modloading-worker-0/INFO] [epicfight/]: register skill epicfight:eviscerate
[09Oct2025 05:20:37.433] [modloading-worker-0/INFO] [epicfight/]: register skill epicfight:blade_rush
[09Oct2025 05:20:37.442] [modloading-worker-0/INFO] [epicfight/]: register skill epicfight:wrathful_lighting
[09Oct2025 05:20:37.445] [modloading-worker-0/INFO] [epicfight/]: register skill epicfight:tsunami
[09Oct2025 05:20:37.448] [modloading-worker-0/INFO] [epicfight/]: register skill epicfight:everlasting_allegiance
[09Oct2025 05:20:37.461] [modloading-worker-0/INFO] [epicfight/]: register skill epicfight:meteor_slam
[09Oct2025 05:20:37.463] [modloading-worker-0/INFO] [epicfight/]: register skill epicfight:revelation
[09Oct2025 05:20:37.468] [modloading-worker-0/INFO] [epicfight/]: register skill epicfight:demolition_leap
[09Oct2025 05:20:37.469] [modloading-worker-0/INFO] [epicfight/]: register skill epicfight:phantom_ascent
[09Oct2025 05:20:37.513] [modloading-worker-0/INFO] [Puzzles Lib/]: Constructing common components for puzzleslib:main
[09Oct2025 05:20:37.836] [modloading-worker-0/WARN] [net.minecraftforge.eventbus.EventBus/EVENTBUS]: Attempting to add a Lambda listener with computed generic type of Event. Are you sure this is what you meant? NOTE : there are complex lambda forms where the generic type information is erased and cannot be recovered at runtime.
[09Oct2025 05:20:38.088] [modloading-worker-0/INFO] [Cristel Lib/]: dumping Runtime Pack's assets and data
[09Oct2025 05:20:38.114] [modloading-worker-0/INFO] [Collective/]: [Collective] JSON file 'entity_names.json' generation requested by mod 'villagernames'.
[09Oct2025 05:20:38.142] [modloading-worker-0/INFO] [net.minecraftforge.coremod.CoreMod.apotheosis/COREMODLOG]: Replaced 1 calls to Enchantment#getMaxLevel() in net/minecraft/world/entity/npc/VillagerTrades$EnchantBookForEmeralds
[09Oct2025 05:20:38.143] [modloading-worker-0/INFO] [net.minecraftforge.coremod.CoreMod.apotheosis/COREMODLOG]: Replaced 1 calls to Enchantment#isTreasureOnly() in net/minecraft/world/entity/npc/VillagerTrades$EnchantBookForEmeralds
[09Oct2025 05:20:38.143] [modloading-worker-0/INFO] [net.minecraftforge.coremod.CoreMod.apotheosis/COREMODLOG]: Replaced 1 calls to Enchantment#isTradeable() in net/minecraft/world/entity/npc/VillagerTrades$EnchantBookForEmeralds
[09Oct2025 05:20:38.169] [Modding Legacy/blue_skies/Supporters thread/INFO] [ModdingLegacy/blue_skies/Supporter/]: Successfully loaded the Modding Legacy supporters list.
[09Oct2025 05:20:38.214] [modloading-worker-0/INFO] [Bookshelf/]: Fixing MC-151457. Crafting remainder for minecraft:pufferfish_bucket is now minecraft:bucket.
[09Oct2025 05:20:38.217] [modloading-worker-0/INFO] [Bookshelf/]: Fixing MC-151457. Crafting remainder for minecraft:salmon_bucket is now minecraft:bucket.
[09Oct2025 05:20:38.217] [modloading-worker-0/INFO] [Bookshelf/]: Fixing MC-151457. Crafting remainder for minecraft:cod_bucket is now minecraft:bucket.
[09Oct2025 05:20:38.217] [modloading-worker-0/INFO] [Bookshelf/]: Fixing MC-151457. Crafting remainder for minecraft:tropical_fish_bucket is now minecraft:bucket.
[09Oct2025 05:20:38.217] [modloading-worker-0/INFO] [Bookshelf/]: Fixing MC-151457. Crafting remainder for minecraft:axolotl_bucket is now minecraft:bucket.
[09Oct2025 05:20:38.217] [modloading-worker-0/INFO] [Bookshelf/]: Fixing MC-151457. Crafting remainder for minecraft:powder_snow_bucket is now minecraft:bucket.
[09Oct2025 05:20:38.230] [modloading-worker-0/INFO] [de.keksuccino.melody.Melody/]: [MELODY] Disabling Melody since it's loaded server-side.
[09Oct2025 05:20:38.279] [modloading-worker-0/WARN] [mixin/]: @Final field f_31201_:Lorg/slf4j/Logger; in progressivebosses.mixins.json:DragonChargePlayerPhaseMixin should be final
[09Oct2025 05:20:38.302] [modloading-worker-0/INFO] [de.keksuccino.konkrete.Konkrete/]: [KONKRETE] Successfully initialized!
[09Oct2025 05:20:38.302] [modloading-worker-0/INFO] [de.keksuccino.konkrete.Konkrete/]: [KONKRETE] Server-side libs ready to use!
[09Oct2025 05:20:38.346] [modloading-worker-0/ERROR] [me.ichun.letsleepingdogslie.common.LetSleepingDogsLie/]: You are loading Let Sleeping Dogs Lie on a server. Let Sleeping Dogs Lie is a client only mod!
[09Oct2025 05:20:38.381] [modloading-worker-0/INFO] [Collective/]: Loading Collective version 7.7.
[09Oct2025 05:20:38.543] [modloading-worker-0/WARN] [APTweaks(Items)/]: ⚠ The log level for APTweaks(Items) is set to ALL, this will log all debug information and will cause performance issues. This is expected on an developer environment or for testing but not on a production environment!
[09Oct2025 05:20:38.545] [modloading-worker-0/WARN] [APTweaks(Items)/]: Adjusting log level for APTweaks(Items) from ALL to INFO, for performance reasons!
[09Oct2025 05:20:38.545] [modloading-worker-0/INFO] [APTweaks(Core)/]: Changing log level for APTweaks(Items) from ALL to INFO
[09Oct2025 05:20:38.556] [modloading-worker-0/INFO] [APTweaks(Items)/]: Registering Adaptive Performance Tweaks: Items common config ...
[09Oct2025 05:20:38.563] [modloading-worker-0/INFO] [com.silverminer.shrines.Shrines/]: Shrines 1.18.2-4.1.0 initialized
[09Oct2025 05:20:38.989] [modloading-worker-0/INFO] [com.tterrag.registrate.AbstractRegistrate/]: Detected new forge version, registering events reflectively.
[09Oct2025 05:20:39.214] [modloading-worker-0/INFO] [Dungeon Crawl/]: Here we go! Launching Dungeon Crawl 2.3.14...
[09Oct2025 05:20:39.606] [modloading-worker-0/INFO] [terralith/]: Terrablender detected
[09Oct2025 05:20:40.035] [modloading-worker-0/INFO] [betterstats/]: Initializing 'Better Statistics Screen' as 'BetterStatsServer'.
[09Oct2025 05:20:40.128] [modloading-worker-0/FATAL] [net.minecraftforge.fml.loading.RuntimeDistCleaner/DISTXFORM]: Attempted to load class me/shedaniel/rei/api/client/plugins/REIClientPlugin for invalid dist DEDICATED_SERVER
[09Oct2025 05:20:40.129] [modloading-worker-0/FATAL] [net.minecraftforge.fml.loading.RuntimeDistCleaner/DISTXFORM]: Attempted to load class me/shedaniel/rei/api/client/plugins/REIClientPlugin for invalid dist DEDICATED_SERVER
[09Oct2025 05:20:40.231] [ForkJoinPool.commonPool-worker-1/INFO] [friendsandfoes/]: An update for Friends&Foes is available! You're using 1.4.6 version but the latest version is 1.4.8!
[09Oct2025 05:20:40.281] [modloading-worker-0/FATAL] [net.minecraftforge.fml.loading.RuntimeDistCleaner/DISTXFORM]: Attempted to load class me/shedaniel/rei/api/client/plugins/REIClientPlugin for invalid dist DEDICATED_SERVER
[09Oct2025 05:20:40.285] [modloading-worker-0/FATAL] [net.minecraftforge.fml.loading.RuntimeDistCleaner/DISTXFORM]: Attempted to load class me/shedaniel/rei/api/client/plugins/REIClientPlugin for invalid dist DEDICATED_SERVER
[09Oct2025 05:20:40.434] [modloading-worker-0/INFO] [net.minecraftforge.coremod.CoreMod.apotheosis/COREMODLOG]: Replaced 5 calls to Enchantment#getMaxLevel() in vazkii/quark/content/tools/module/AncientTomesModule
[09Oct2025 05:20:40.461] [modloading-worker-0/INFO] [net.minecraftforge.coremod.CoreMod.apotheosis/COREMODLOG]: Replaced 3 calls to Enchantment#getMaxLevel() in vazkii/quark/content/tools/item/AncientTomeItem
[09Oct2025 05:20:41.273] [modloading-worker-0/INFO] [untamedwilds.UntamedWilds/]: Loading compatibility module with SereneSeasons
[09Oct2025 05:20:41.275] [modloading-worker-0/INFO] [untamedwilds.UntamedWilds/]: Loading compatibility module with Patchouli
[09Oct2025 05:20:41.325] [modloading-worker-0/INFO] [TrustManager/]: Loading mod 'apexcore' TrustWorthiness...
[09Oct2025 05:20:41.327] [modloading-worker-0/FATAL] [TrustManager/]: Could not determine mod trust worthiness, Assuming Jar was downloaded from trusted source!
[09Oct2025 05:20:41.328] [modloading-worker-0/INFO] [TrustManager/]: Loaded mod 'apexcore' TrustWorthiness: UNKNOWN
[09Oct2025 05:20:41.333] [modloading-worker-0/INFO] [com.tterrag.registrate.AbstractRegistrate/]: Detected new forge version, registering events reflectively.
[09Oct2025 05:20:41.342] [modloading-worker-0/INFO] [TrustManager/]: Loading mod 'fantasyfurniture' TrustWorthiness...
[09Oct2025 05:20:41.342] [modloading-worker-0/FATAL] [TrustManager/]: Could not determine mod trust worthiness, Assuming Jar was downloaded from trusted source!
[09Oct2025 05:20:41.342] [modloading-worker-0/INFO] [TrustManager/]: Loaded mod 'fantasyfurniture' TrustWorthiness: UNKNOWN
[09Oct2025 05:20:41.361] [modloading-worker-0/INFO] [com.tterrag.registrate.AbstractRegistrate/]: Detected new forge version, registering events reflectively.
[09Oct2025 05:20:41.372] [modloading-worker-0/INFO] [com.afunproject.dawncraft.DawnCraft/]: DawnCraft Tweaks 1.18.2-1.2.15f initialized
[09Oct2025 05:20:42.817] [main/INFO] [net.joefoxe.hexerei.Hexerei/]: HELLO from Register Block
[09Oct2025 05:20:44.605] [main/WARN] [mixin/]: @Final field repairMaterial:Ljava/util/function/Supplier; in dawncraft-fixes.mixins.json:goblinsanddungeons.MixinGDArmorMaterial should be final
[09Oct2025 05:20:45.299] [main/INFO] [ModernFix/]: Bypassed Mojang DFU
[09Oct2025 05:20:45.300] [main/INFO] [ModernFix/]: Instantiating Mojang DFU
[09Oct2025 05:20:50.509] [main/INFO] [fuzs.nightconfigfixes.config.CheckedConfigFileTypeHandler/CONFIG]: Loaded default config values from file at path /workspaces/astral/servidor_minecraft/defaultconfigs/habitat-common.toml
[09Oct2025 05:20:50.521] [main/INFO] [fuzs.nightconfigfixes.config.CheckedConfigFileTypeHandler/CONFIG]: Loaded default config values from file at path /workspaces/astral/servidor_minecraft/defaultconfigs/enchantlimiter-common.toml
[09Oct2025 05:20:50.526] [main/INFO] [fuzs.nightconfigfixes.config.CheckedConfigFileTypeHandler/CONFIG]: Loaded default config values from file at path /workspaces/astral/servidor_minecraft/defaultconfigs/betterdungeons-forge-1_18.toml
[09Oct2025 05:20:50.530] [main/INFO] [fuzs.nightconfigfixes.config.CheckedConfigFileTypeHandler/CONFIG]: Loaded default config values from file at path /workspaces/astral/servidor_minecraft/defaultconfigs/adaptive_performance_tweaks/core.toml
[09Oct2025 05:20:50.536] [main/INFO] [fuzs.nightconfigfixes.config.CheckedConfigFileTypeHandler/CONFIG]: Loaded default config values from file at path /workspaces/astral/servidor_minecraft/defaultconfigs/secondchanceforge-common.toml
[09Oct2025 05:20:50.539] [main/INFO] [fuzs.nightconfigfixes.config.CheckedConfigFileTypeHandler/CONFIG]: Loaded default config values from file at path /workspaces/astral/servidor_minecraft/defaultconfigs/deleteitem-common.toml
[09Oct2025 05:20:50.544] [main/INFO] [fuzs.nightconfigfixes.config.CheckedConfigFileTypeHandler/CONFIG]: Loaded default config values from file at path /workspaces/astral/servidor_minecraft/defaultconfigs/nyfsquiver-common.toml
[09Oct2025 05:20:50.546] [main/INFO] [fuzs.nightconfigfixes.config.CheckedConfigFileTypeHandler/CONFIG]: Loaded default config values from file at path /workspaces/astral/servidor_minecraft/defaultconfigs/infernalexp-common.toml
[09Oct2025 05:20:50.551] [main/INFO] [fuzs.nightconfigfixes.config.CheckedConfigFileTypeHandler/CONFIG]: Loaded default config values from file at path /workspaces/astral/servidor_minecraft/defaultconfigs/modernfix-common.toml
[09Oct2025 05:20:50.552] [main/INFO] [fuzs.nightconfigfixes.config.CheckedConfigFileTypeHandler/CONFIG]: Loaded default config values from file at path /workspaces/astral/servidor_minecraft/defaultconfigs/armorcurve-common.toml
[09Oct2025 05:20:50.620] [main/INFO] [fuzs.nightconfigfixes.config.CheckedConfigFileTypeHandler/CONFIG]: Loaded default config values from file at path /workspaces/astral/servidor_minecraft/defaultconfigs/guardvillagers-common.toml
[09Oct2025 05:20:50.622] [main/INFO] [fuzs.nightconfigfixes.config.CheckedConfigFileTypeHandler/CONFIG]: Loaded default config values from file at path /workspaces/astral/servidor_minecraft/defaultconfigs/betterfortresses-forge-1_18_2.toml
[09Oct2025 05:20:50.629] [main/INFO] [fuzs.nightconfigfixes.config.CheckedConfigFileTypeHandler/CONFIG]: Loaded default config values from file at path /workspaces/astral/servidor_minecraft/defaultconfigs/structure_gel-common.toml
[09Oct2025 05:20:50.849] [main/INFO] [fuzs.nightconfigfixes.config.CheckedConfigFileTypeHandler/CONFIG]: Loaded default config values from file at path /workspaces/astral/servidor_minecraft/defaultconfigs/majruszsdifficulty-common.toml
[09Oct2025 05:20:50.852] [main/INFO] [fuzs.nightconfigfixes.config.CheckedConfigFileTypeHandler/CONFIG]: Loaded default config values from file at path /workspaces/astral/servidor_minecraft/defaultconfigs/paraglider-common.toml
[09Oct2025 05:20:50.854] [main/INFO] [fuzs.nightconfigfixes.config.CheckedConfigFileTypeHandler/CONFIG]: Loaded default config values from file at path /workspaces/astral/servidor_minecraft/defaultconfigs/morevillagers-common.toml
[09Oct2025 05:20:50.855] [main/INFO] [fuzs.nightconfigfixes.config.CheckedConfigFileTypeHandler/CONFIG]: Loaded default config values from file at path /workspaces/astral/servidor_minecraft/defaultconfigs/bcc-common.toml
[09Oct2025 05:20:50.857] [main/INFO] [fuzs.nightconfigfixes.config.CheckedConfigFileTypeHandler/CONFIG]: Loaded default config values from file at path /workspaces/astral/servidor_minecraft/defaultconfigs/timeout_fixes-common.toml
[09Oct2025 05:20:50.858] [main/INFO] [fuzs.nightconfigfixes.config.CheckedConfigFileTypeHandler/CONFIG]: Loaded default config values from file at path /workspaces/astral/servidor_minecraft/defaultconfigs/hardermonsterboats-common.toml
[09Oct2025 05:20:50.861] [main/INFO] [fuzs.nightconfigfixes.config.CheckedConfigFileTypeHandler/CONFIG]: Loaded default config values from file at path /workspaces/astral/servidor_minecraft/defaultconfigs/YungsBridges-forge-1_18.toml
[09Oct2025 05:20:50.863] [main/INFO] [fuzs.nightconfigfixes.config.CheckedConfigFileTypeHandler/CONFIG]: Loaded default config values from file at path /workspaces/astral/servidor_minecraft/defaultconfigs/cc-common.toml
[09Oct2025 05:20:50.869] [main/INFO] [fuzs.nightconfigfixes.config.CheckedConfigFileTypeHandler/CONFIG]: Loaded default config values from file at path /workspaces/astral/servidor_minecraft/defaultconfigs/YungsExtras-forge-1_18.toml
[09Oct2025 05:20:50.872] [main/INFO] [fuzs.nightconfigfixes.config.CheckedConfigFileTypeHandler/CONFIG]: Loaded default config values from file at path /workspaces/astral/servidor_minecraft/defaultconfigs/bettermineshafts-forge-1_18.toml
[09Oct2025 05:20:50.874] [main/INFO] [fuzs.nightconfigfixes.config.CheckedConfigFileTypeHandler/CONFIG]: Loaded default config values from file at path /workspaces/astral/servidor_minecraft/defaultconfigs/humancompanions-common.toml
[09Oct2025 05:20:50.879] [main/INFO] [fuzs.nightconfigfixes.config.CheckedConfigFileTypeHandler/CONFIG]: Loaded default config values from file at path /workspaces/astral/servidor_minecraft/defaultconfigs/mowziesmobs-common.toml
[09Oct2025 05:20:50.912] [main/INFO] [Puzzles Lib/]: Loading common config for mutantmonsters
[09Oct2025 05:20:50.916] [main/INFO] [fuzs.nightconfigfixes.config.CheckedConfigFileTypeHandler/CONFIG]: Loaded default config values from file at path /workspaces/astral/servidor_minecraft/defaultconfigs/goblintraders-common.toml
[09Oct2025 05:20:50.924] [main/INFO] [fuzs.nightconfigfixes.config.CheckedConfigFileTypeHandler/CONFIG]: Loaded default config values from file at path /workspaces/astral/servidor_minecraft/defaultconfigs/pmmo-common.toml
[09Oct2025 05:20:50.934] [main/INFO] [fuzs.nightconfigfixes.config.CheckedConfigFileTypeHandler/CONFIG]: Loaded default config values from file at path /workspaces/astral/servidor_minecraft/defaultconfigs/immersive_weathering-common.toml
[09Oct2025 05:20:50.939] [main/INFO] [fuzs.nightconfigfixes.config.CheckedConfigFileTypeHandler/CONFIG]: Loaded default config values from file at path /workspaces/astral/servidor_minecraft/defaultconfigs/passablefoliage-common.toml
[09Oct2025 05:20:50.944] [main/INFO] [fuzs.nightconfigfixes.config.CheckedConfigFileTypeHandler/CONFIG]: Loaded default config values from file at path /workspaces/astral/servidor_minecraft/defaultconfigs/sereneseasons/fertility.toml
[09Oct2025 05:20:50.947] [main/INFO] [fuzs.nightconfigfixes.config.CheckedConfigFileTypeHandler/CONFIG]: Loaded default config values from file at path /workspaces/astral/servidor_minecraft/defaultconfigs/sereneseasons/seasons.toml
[09Oct2025 05:20:50.951] [main/INFO] [fuzs.nightconfigfixes.config.CheckedConfigFileTypeHandler/CONFIG]: Loaded default config values from file at path /workspaces/astral/servidor_minecraft/defaultconfigs/impactful-common.toml
[09Oct2025 05:20:50.952] [main/INFO] [fuzs.nightconfigfixes.config.CheckedConfigFileTypeHandler/CONFIG]: Loaded default config values from file at path /workspaces/astral/servidor_minecraft/defaultconfigs/restored_earth-common.toml
[09Oct2025 05:20:50.956] [main/INFO] [fuzs.nightconfigfixes.config.CheckedConfigFileTypeHandler/CONFIG]: Loaded default config values from file at path /workspaces/astral/servidor_minecraft/defaultconfigs/forge-common.toml
[09Oct2025 05:20:50.958] [main/INFO] [fuzs.nightconfigfixes.config.CheckedConfigFileTypeHandler/CONFIG]: Loaded default config values from file at path /workspaces/astral/servidor_minecraft/defaultconfigs/villager-comfort.toml
[09Oct2025 05:20:50.959] [main/INFO] [fuzs.nightconfigfixes.config.CheckedConfigFileTypeHandler/CONFIG]: Loaded default config values from file at path /workspaces/astral/servidor_minecraft/defaultconfigs/logbegone.toml
[09Oct2025 05:20:50.963] [main/INFO] [fuzs.nightconfigfixes.config.CheckedConfigFileTypeHandler/CONFIG]: Loaded default config values from file at path /workspaces/astral/servidor_minecraft/defaultconfigs/logprot-common.toml
[09Oct2025 05:20:50.964] [main/INFO] [fuzs.nightconfigfixes.config.CheckedConfigFileTypeHandler/CONFIG]: Loaded default config values from file at path /workspaces/astral/servidor_minecraft/defaultconfigs/simplebackups-common.toml
[09Oct2025 05:20:50.965] [main/INFO] [fuzs.nightconfigfixes.config.CheckedConfigFileTypeHandler/CONFIG]: Loaded default config values from file at path /workspaces/astral/servidor_minecraft/defaultconfigs/presencenotrequired-common.toml
[09Oct2025 05:20:50.969] [main/INFO] [fuzs.nightconfigfixes.config.CheckedConfigFileTypeHandler/CONFIG]: Loaded default config values from file at path /workspaces/astral/servidor_minecraft/defaultconfigs/betterfpsdist-common.toml
[09Oct2025 05:20:50.971] [main/INFO] [fuzs.nightconfigfixes.config.CheckedConfigFileTypeHandler/CONFIG]: Loaded default config values from file at path /workspaces/astral/servidor_minecraft/defaultconfigs/lootr-common.toml
[09Oct2025 05:20:50.976] [main/INFO] [fuzs.nightconfigfixes.config.CheckedConfigFileTypeHandler/CONFIG]: Loaded default config values from file at path /workspaces/astral/servidor_minecraft/defaultconfigs/ecologics.toml
[09Oct2025 05:20:50.977] [main/INFO] [fuzs.nightconfigfixes.config.CheckedConfigFileTypeHandler/CONFIG]: Loaded default config values from file at path /workspaces/astral/servidor_minecraft/defaultconfigs/Obscuria Collection/ob-core.toml
[09Oct2025 05:20:50.981] [main/INFO] [fuzs.nightconfigfixes.config.CheckedConfigFileTypeHandler/CONFIG]: Loaded default config values from file at path /workspaces/astral/servidor_minecraft/defaultconfigs/followme-common.toml
[09Oct2025 05:20:50.987] [main/INFO] [fuzs.nightconfigfixes.config.CheckedConfigFileTypeHandler/CONFIG]: Loaded default config values from file at path /workspaces/astral/servidor_minecraft/defaultconfigs/Obscuria/aquamirae-common.toml
[09Oct2025 05:20:50.994] [main/INFO] [fuzs.nightconfigfixes.config.CheckedConfigFileTypeHandler/CONFIG]: Loaded default config values from file at path /workspaces/astral/servidor_minecraft/defaultconfigs/treechop-common.toml
[09Oct2025 05:20:50.998] [main/INFO] [fuzs.nightconfigfixes.config.CheckedConfigFileTypeHandler/CONFIG]: Loaded default config values from file at path /workspaces/astral/servidor_minecraft/defaultconfigs/blue_skies-common.toml
[09Oct2025 05:20:50.999] [main/INFO] [ModdingLegacy/blue_skies/]: Loading Config: blue_skies-common.toml
[09Oct2025 05:20:50.999] [main/INFO] [ModdingLegacy/blue_skies/]: Loading Config: blue_skies-common.toml
[09Oct2025 05:20:51.001] [main/INFO] [fuzs.nightconfigfixes.config.CheckedConfigFileTypeHandler/CONFIG]: Loaded default config values from file at path /workspaces/astral/servidor_minecraft/defaultconfigs/betterwitchhuts-forge-1_18_2.toml
[09Oct2025 05:20:51.005] [main/INFO] [fuzs.nightconfigfixes.config.CheckedConfigFileTypeHandler/CONFIG]: Loaded default config values from file at path /workspaces/astral/servidor_minecraft/defaultconfigs/Hexerei-common.toml
[09Oct2025 05:20:51.007] [main/INFO] [fuzs.nightconfigfixes.config.CheckedConfigFileTypeHandler/CONFIG]: Loaded default config values from file at path /workspaces/astral/servidor_minecraft/defaultconfigs/sword_soaring-common.toml
[09Oct2025 05:20:51.012] [main/INFO] [fuzs.nightconfigfixes.config.CheckedConfigFileTypeHandler/CONFIG]: Loaded default config values from file at path /workspaces/astral/servidor_minecraft/defaultconfigs/dawncraft_fixes-common.toml
[09Oct2025 05:20:51.016] [main/INFO] [fuzs.nightconfigfixes.config.CheckedConfigFileTypeHandler/CONFIG]: Loaded default config values from file at path /workspaces/astral/servidor_minecraft/defaultconfigs/betteroceanmonuments-forge-1_18_2.toml
[09Oct2025 05:20:51.017] [main/INFO] [fuzs.nightconfigfixes.config.CheckedConfigFileTypeHandler/CONFIG]: Loaded default config values from file at path /workspaces/astral/servidor_minecraft/defaultconfigs/sophisticatedcore-common.toml
[09Oct2025 05:20:51.019] [main/INFO] [fuzs.nightconfigfixes.config.CheckedConfigFileTypeHandler/CONFIG]: Loaded default config values from file at path /workspaces/astral/servidor_minecraft/defaultconfigs/insanelib-common.toml
[09Oct2025 05:20:51.023] [main/INFO] [fuzs.nightconfigfixes.config.CheckedConfigFileTypeHandler/CONFIG]: Loaded default config values from file at path /workspaces/astral/servidor_minecraft/defaultconfigs/piglinproliferation-common.toml
[09Oct2025 05:20:51.024] [main/INFO] [fuzs.nightconfigfixes.config.CheckedConfigFileTypeHandler/CONFIG]: Loaded default config values from file at path /workspaces/astral/servidor_minecraft/defaultconfigs/sophisticatedbackpacks-common.toml
[09Oct2025 05:20:51.025] [main/INFO] [fuzs.nightconfigfixes.config.CheckedConfigFileTypeHandler/CONFIG]: Loaded default config values from file at path /workspaces/astral/servidor_minecraft/defaultconfigs/dragonmounts-common.toml
[09Oct2025 05:20:51.029] [main/INFO] [fuzs.nightconfigfixes.config.CheckedConfigFileTypeHandler/CONFIG]: Loaded default config values from file at path /workspaces/astral/servidor_minecraft/defaultconfigs/dummmmmmy-common.toml
[09Oct2025 05:20:51.031] [main/INFO] [fuzs.nightconfigfixes.config.CheckedConfigFileTypeHandler/CONFIG]: Loaded default config values from file at path /workspaces/astral/servidor_minecraft/defaultconfigs/bloodandmadness-common.toml
[09Oct2025 05:20:51.037] [main/INFO] [fuzs.nightconfigfixes.config.CheckedConfigFileTypeHandler/CONFIG]: Loaded default config values from file at path /workspaces/astral/servidor_minecraft/defaultconfigs/progressivebosses-common.toml
[09Oct2025 05:20:51.038] [main/WARN] [insane96mcp.progressivebosses.ProgressiveBosses/]: Entity botania:pink_wither for Wither's Difficulty Feature entityBlacklist doesn't exist, will be ignored.
[09Oct2025 05:20:51.047] [main/INFO] [fuzs.nightconfigfixes.config.CheckedConfigFileTypeHandler/CONFIG]: Loaded default config values from file at path /workspaces/astral/servidor_minecraft/defaultconfigs/endrem.toml
[09Oct2025 05:20:51.050] [main/INFO] [fuzs.nightconfigfixes.config.CheckedConfigFileTypeHandler/CONFIG]: Loaded default config values from file at path /workspaces/astral/servidor_minecraft/defaultconfigs/betterstrongholds-forge-1_18.toml
[09Oct2025 05:20:51.053] [main/INFO] [fuzs.nightconfigfixes.config.CheckedConfigFileTypeHandler/CONFIG]: Loaded default config values from file at path /workspaces/astral/servidor_minecraft/defaultconfigs/aiimprovements-common.toml
[09Oct2025 05:20:51.058] [main/INFO] [fuzs.nightconfigfixes.config.CheckedConfigFileTypeHandler/CONFIG]: Loaded default config values from file at path /workspaces/astral/servidor_minecraft/defaultconfigs/ageingspawners-common.toml
[09Oct2025 05:20:51.062] [main/INFO] [fuzs.nightconfigfixes.config.CheckedConfigFileTypeHandler/CONFIG]: Loaded default config values from file at path /workspaces/astral/servidor_minecraft/defaultconfigs/limitedchunks-common.toml
[09Oct2025 05:20:51.071] [main/INFO] [fuzs.nightconfigfixes.config.CheckedConfigFileTypeHandler/CONFIG]: Loaded default config values from file at path /workspaces/astral/servidor_minecraft/defaultconfigs/adaptive_performance_tweaks/items.toml
[09Oct2025 05:20:51.075] [main/INFO] [fuzs.nightconfigfixes.config.CheckedConfigFileTypeHandler/CONFIG]: Loaded default config values from file at path /workspaces/astral/servidor_minecraft/defaultconfigs/shrines/settings.toml
[09Oct2025 05:20:51.084] [main/INFO] [fuzs.nightconfigfixes.config.CheckedConfigFileTypeHandler/CONFIG]: Loaded default config values from file at path /workspaces/astral/servidor_minecraft/defaultconfigs/callablehorses-common.toml
[09Oct2025 05:20:51.091] [main/INFO] [fuzs.nightconfigfixes.config.CheckedConfigFileTypeHandler/CONFIG]: Loaded default config values from file at path /workspaces/astral/servidor_minecraft/defaultconfigs/waystones-common.toml
[09Oct2025 05:20:51.096] [main/INFO] [fuzs.nightconfigfixes.config.CheckedConfigFileTypeHandler/CONFIG]: Loaded default config values from file at path /workspaces/astral/servidor_minecraft/defaultconfigs/conjurer_illager-common.toml
[09Oct2025 05:20:51.102] [main/INFO] [fuzs.nightconfigfixes.config.CheckedConfigFileTypeHandler/CONFIG]: Loaded default config values from file at path /workspaces/astral/servidor_minecraft/defaultconfigs/monsterplus-common.toml
[09Oct2025 05:20:51.105] [main/INFO] [fuzs.nightconfigfixes.config.CheckedConfigFileTypeHandler/CONFIG]: Loaded default config values from file at path /workspaces/astral/servidor_minecraft/defaultconfigs/tumbleweed-common.toml
[09Oct2025 05:20:51.108] [main/INFO] [fuzs.nightconfigfixes.config.CheckedConfigFileTypeHandler/CONFIG]: Loaded default config values from file at path /workspaces/astral/servidor_minecraft/defaultconfigs/betterdeserttemples-forge-1_18_2.toml
[09Oct2025 05:20:51.113] [main/INFO] [fuzs.nightconfigfixes.config.CheckedConfigFileTypeHandler/CONFIG]: Loaded default config values from file at path /workspaces/astral/servidor_minecraft/defaultconfigs/farsight-common.toml
[09Oct2025 05:20:51.114] [main/INFO] [fuzs.nightconfigfixes.config.CheckedConfigFileTypeHandler/CONFIG]: Loaded default config values from file at path /workspaces/astral/servidor_minecraft/defaultconfigs/pineapple_delight-common.toml
[09Oct2025 05:20:51.116] [main/INFO] [fuzs.nightconfigfixes.config.CheckedConfigFileTypeHandler/CONFIG]: Loaded default config values from file at path /workspaces/astral/servidor_minecraft/defaultconfigs/blueprint-common.toml
[09Oct2025 05:20:51.117] [main/INFO] [fuzs.nightconfigfixes.config.CheckedConfigFileTypeHandler/CONFIG]: Loaded default config values from file at path /workspaces/astral/servidor_minecraft/defaultconfigs/savage_and_ravage-common.toml
[09Oct2025 05:20:51.123] [main/INFO] [fuzs.nightconfigfixes.config.CheckedConfigFileTypeHandler/CONFIG]: Loaded default config values from file at path /workspaces/astral/servidor_minecraft/defaultconfigs/supplementaries-common.toml
[09Oct2025 05:20:51.134] [main/INFO] [fuzs.nightconfigfixes.config.CheckedConfigFileTypeHandler/CONFIG]: Loaded default config values from file at path /workspaces/astral/servidor_minecraft/defaultconfigs/supplementaries-registry.toml
[09Oct2025 05:20:51.136] [main/INFO] [fuzs.nightconfigfixes.config.CheckedConfigFileTypeHandler/CONFIG]: Loaded default config values from file at path /workspaces/astral/servidor_minecraft/defaultconfigs/jade-addons.toml
[09Oct2025 05:20:51.141] [main/INFO] [fuzs.nightconfigfixes.config.CheckedConfigFileTypeHandler/CONFIG]: Loaded default config values from file at path /workspaces/astral/servidor_minecraft/defaultconfigs/ba-battletowers-config.toml
[09Oct2025 05:20:51.146] [main/INFO] [fuzs.nightconfigfixes.config.CheckedConfigFileTypeHandler/CONFIG]: Loaded default config values from file at path /workspaces/astral/servidor_minecraft/defaultconfigs/brutalbosses-common.toml
[09Oct2025 05:20:51.150] [main/INFO] [fuzs.nightconfigfixes.config.CheckedConfigFileTypeHandler/CONFIG]: Loaded default config values from file at path /workspaces/astral/servidor_minecraft/defaultconfigs/storagedrawers-common.toml
[09Oct2025 05:20:51.160] [main/INFO] [fuzs.nightconfigfixes.config.CheckedConfigFileTypeHandler/CONFIG]: Loaded default config values from file at path /workspaces/astral/servidor_minecraft/defaultconfigs/doespotatotick-common.toml
[09Oct2025 05:20:51.168] [main/INFO] [fuzs.nightconfigfixes.config.CheckedConfigFileTypeHandler/CONFIG]: Loaded default config values from file at path /workspaces/astral/servidor_minecraft/defaultconfigs/hunterillager-common.toml
[09Oct2025 05:20:51.172] [main/INFO] [fuzs.nightconfigfixes.config.CheckedConfigFileTypeHandler/CONFIG]: Loaded default config values from file at path /workspaces/astral/servidor_minecraft/defaultconfigs/dannys_expansion-common.toml
[09Oct2025 05:20:51.186] [main/INFO] [fuzs.nightconfigfixes.config.CheckedConfigFileTypeHandler/CONFIG]: Loaded default config values from file at path /workspaces/astral/servidor_minecraft/defaultconfigs/quark-common.toml
[09Oct2025 05:20:51.417] [main/INFO] [fuzs.nightconfigfixes.config.CheckedConfigFileTypeHandler/CONFIG]: Loaded default config values from file at path /workspaces/astral/servidor_minecraft/defaultconfigs/citadel-common.toml
[09Oct2025 05:20:51.419] [main/INFO] [fuzs.nightconfigfixes.config.CheckedConfigFileTypeHandler/CONFIG]: Loaded default config values from file at path /workspaces/astral/servidor_minecraft/defaultconfigs/cloud-storage.toml
[09Oct2025 05:20:51.423] [main/INFO] [fuzs.nightconfigfixes.config.CheckedConfigFileTypeHandler/CONFIG]: Loaded default config values from file at path /workspaces/astral/servidor_minecraft/defaultconfigs/untamedwilds-common.toml
[09Oct2025 05:20:51.430] [main/INFO] [fuzs.nightconfigfixes.config.CheckedConfigFileTypeHandler/CONFIG]: Loaded default config values from file at path /workspaces/astral/servidor_minecraft/defaultconfigs/alexsmobs.toml
[09Oct2025 05:20:51.501] [main/INFO] [fuzs.nightconfigfixes.config.CheckedConfigFileTypeHandler/CONFIG]: Loaded default config values from file at path /workspaces/astral/servidor_minecraft/defaultconfigs/farmersdelight-common.toml
[09Oct2025 05:20:51.505] [main/INFO] [fuzs.nightconfigfixes.config.CheckedConfigFileTypeHandler/CONFIG]: Loaded default config values from file at path /workspaces/astral/servidor_minecraft/defaultconfigs/cataclysm.toml
[09Oct2025 05:20:51.510] [main/INFO] [fuzs.nightconfigfixes.config.CheckedConfigFileTypeHandler/CONFIG]: Loaded default config values from file at path /workspaces/astral/servidor_minecraft/defaultconfigs/nethersdelight-common.toml
[09Oct2025 05:20:51.511] [main/INFO] [fuzs.nightconfigfixes.config.CheckedConfigFileTypeHandler/CONFIG]: Loaded default config values from file at path /workspaces/astral/servidor_minecraft/defaultconfigs/dawncraft-common.toml
[09Oct2025 05:20:51.515] [main/INFO] [fuzs.nightconfigfixes.config.CheckedConfigFileTypeHandler/CONFIG]: Loaded default config values from file at path /workspaces/astral/servidor_minecraft/defaultconfigs/improvedmobs/common.toml
[09Oct2025 05:20:51.538] [main/INFO] [fuzs.nightconfigfixes.config.CheckedConfigFileTypeHandler/CONFIG]: Loaded default config values from file at path /workspaces/astral/servidor_minecraft/defaultconfigs/create-common.toml
[09Oct2025 05:20:51.540] [main/INFO] [fuzs.nightconfigfixes.config.CheckedConfigFileTypeHandler/CONFIG]: Loaded default config values from file at path /workspaces/astral/servidor_minecraft/defaultconfigs/enlightened_end_config.toml
[09Oct2025 05:20:51.651] [modloading-worker-0/INFO] [Sound Physics - General/]: Reloading config
[09Oct2025 05:20:51.652] [modloading-worker-0/INFO] [Sound Physics - General/]: Reloading reverb parameters
[09Oct2025 05:20:51.673] [modloading-worker-0/INFO] [dev.wuffs.bcc.BCC/]: Better Compatibility Checker setting up
[09Oct2025 05:20:51.850] [modloading-worker-0/INFO] [me.steinborn.krypton.mod.shared.Krypton/]: Compression will use libdeflate (Linux x86_64), encryption will use OpenSSL 1.1.x (Linux x86_64)
[09Oct2025 05:20:51.923] [modloading-worker-0/INFO] [com.logprot.Logprot/]: Shields up!
[09Oct2025 05:20:51.961] [modloading-worker-0/INFO] [com.betterfpsdist.BetterfpsdistMod/]: betterfpsdist mod initialized
[09Oct2025 05:20:52.060] [modloading-worker-0/INFO] [epicfight/]: register skill sword_soaring:sword_soaring
[09Oct2025 05:20:52.060] [modloading-worker-0/INFO] [epicfight/]: register skill sword_soaring:rain_cutter
[09Oct2025 05:20:52.061] [modloading-worker-0/INFO] [epicfight/]: register skill sword_soaring:rain_screen
[09Oct2025 05:20:52.068] [modloading-worker-0/INFO] [epicfight/]: register skill sword_soaring:yaksha_mask
[09Oct2025 05:20:52.074] [modloading-worker-0/INFO] [epicfight/]: register skill sword_soaring:stellar_restoration
[09Oct2025 05:20:52.074] [modloading-worker-0/INFO] [incontrol/]: Enabling support for Game Stages
[09Oct2025 05:20:52.075] [modloading-worker-0/INFO] [incontrol/]: Enabling support for Serene Seasons
[09Oct2025 05:20:52.112] [modloading-worker-0/INFO] [incontrol/]: Reading rules from spawn.json
[09Oct2025 05:20:52.251] [modloading-worker-0/INFO] [com.medievalmusic.Medievalmusic/]: medievalmusic mod initialized
[09Oct2025 05:20:52.339] [modloading-worker-0/INFO] [incontrol/]: Reading rules from summonaid.json
[09Oct2025 05:20:52.342] [modloading-worker-0/INFO] [incontrol/]: Reading rules from loot.json
[09Oct2025 05:20:52.376] [modloading-worker-0/INFO] [incontrol/]: Reading rules from experience.json
[09Oct2025 05:20:52.382] [modloading-worker-0/INFO] [incontrol/]: Reading rules from phases.json
[09Oct2025 05:20:52.387] [modloading-worker-0/INFO] [incontrol/]: Reading rules from special.json
[09Oct2025 05:20:52.392] [modloading-worker-0/INFO] [com.limitedchunks.LimitedChunks/]: Limited chunkloading initialized
[09Oct2025 05:20:52.393] [modloading-worker-0/INFO] [incontrol/]: Reading rules from spawner.json
[09Oct2025 05:20:52.535] [modloading-worker-0/INFO] [Dungeon Crawl/]: Common Setup
[09Oct2025 05:20:52.548] [modloading-worker-0/INFO] [com.farsight.FarsightMod/]: farsight_view mod initialized
[09Oct2025 05:20:52.594] [modloading-worker-0/INFO] [com.brutalbosses.BrutalBosses/]: brutalbosses mod initialized
[09Oct2025 05:20:52.630] [Modding Legacy/conjurer_illager/Supporters thread/INFO] [ModdingLegacy/conjurer_illager/Supporter/]: Successfully loaded the Modding Legacy supporters list.
[09Oct2025 05:20:52.642] [modloading-worker-0/INFO] [com.jaquadro.minecraft.storagedrawers.StorageDrawers/]: New compacting rule 4 clay_ball = 1 clay
[09Oct2025 05:20:52.649] [modloading-worker-0/INFO] [com.jaquadro.minecraft.storagedrawers.StorageDrawers/]: New compacting rule 4 snowball = 1 snow_block
[09Oct2025 05:20:52.649] [modloading-worker-0/INFO] [com.jaquadro.minecraft.storagedrawers.StorageDrawers/]: New compacting rule 4 glowstone_dust = 1 glowstone
[09Oct2025 05:20:52.649] [modloading-worker-0/INFO] [com.jaquadro.minecraft.storagedrawers.StorageDrawers/]: New compacting rule 4 brick = 1 bricks
[09Oct2025 05:20:52.650] [modloading-worker-0/INFO] [com.jaquadro.minecraft.storagedrawers.StorageDrawers/]: New compacting rule 4 nether_brick = 1 nether_bricks
[09Oct2025 05:20:52.652] [modloading-worker-0/INFO] [com.jaquadro.minecraft.storagedrawers.StorageDrawers/]: New compacting rule 9 nether_wart = 1 nether_wart_block
[09Oct2025 05:20:52.652] [modloading-worker-0/INFO] [com.jaquadro.minecraft.storagedrawers.StorageDrawers/]: New compacting rule 4 quartz = 1 quartz_block
[09Oct2025 05:20:52.652] [modloading-worker-0/INFO] [com.jaquadro.minecraft.storagedrawers.StorageDrawers/]: New compacting rule 9 melon_slice = 1 melon
[09Oct2025 05:20:52.652] [modloading-worker-0/INFO] [com.jaquadro.minecraft.storagedrawers.StorageDrawers/]: New compacting rule 4 sand = 1 sandstone
[09Oct2025 05:20:52.652] [modloading-worker-0/INFO] [com.jaquadro.minecraft.storagedrawers.StorageDrawers/]: New compacting rule 4 red_sand = 1 red_sandstone
[09Oct2025 05:20:52.691] [modloading-worker-0/INFO] [com.jaquadro.minecraft.storagedrawers.StorageDrawers/]: New compacting rule 4 clay_ball = 1 clay
[09Oct2025 05:20:52.716] [modloading-worker-0/INFO] [com.ncpbails.alexsmobs.AlexsDelight/]: HELLO FROM PREINIT
[09Oct2025 05:20:52.720] [modloading-worker-0/INFO] [com.ncpbails.alexsmobs.AlexsDelight/]: DIRT BLOCK >> minecraft:dirt
[09Oct2025 05:20:52.745] [modloading-worker-0/INFO] [untamedwilds.UntamedWilds/]: Registering Packets!
[09Oct2025 05:20:52.853] [modloading-worker-0/ERROR] [improvedmobs/]: No items with following names exist: [create:diving_boots, create:diving_helmet]
[09Oct2025 05:20:54.395] [main/INFO] [journeymap/]: Initializing Packet Registries
[09Oct2025 05:20:54.474] [main/INFO] [Dungeon Crawl/]: Registering Structure Piece Types
[09Oct2025 05:20:54.498] [main/INFO] [terralith/]: Terrablender compatibility enabled
[09Oct2025 05:20:54.855] [main/INFO] [net.mehvahdjukaar.supplementaries.Supplementaries/]: Finished mod setup in: 114 ms
[09Oct2025 05:20:55.338] [modloading-worker-0/WARN] [epicfight/]: [EpicFightMod] Can't find the joint Arm_R_IK in the animation file, StaticAnimation infernal:animmodels/animations/biped/skill/infernal_guard
[09Oct2025 05:20:55.339] [modloading-worker-0/WARN] [epicfight/]: [EpicFightMod] Can't find the joint Arm_L_IK in the animation file, StaticAnimation infernal:animmodels/animations/biped/skill/infernal_guard
[09Oct2025 05:20:55.339] [modloading-worker-0/WARN] [epicfight/]: [EpicFightMod] Can't find the joint Leg_R_IK in the animation file, StaticAnimation infernal:animmodels/animations/biped/skill/infernal_guard
[09Oct2025 05:20:55.342] [modloading-worker-0/WARN] [epicfight/]: [EpicFightMod] Can't find the joint Leg_L_IK in the animation file, StaticAnimation infernal:animmodels/animations/biped/skill/infernal_guard
[09Oct2025 05:20:55.346] [modloading-worker-0/WARN] [epicfight/]: [EpicFightMod] Can't find the joint Arm_R_IK in the animation file, GuardAnimation infernal:animmodels/animations/biped/skill/infernal_guard_hit
[09Oct2025 05:20:55.349] [modloading-worker-0/WARN] [epicfight/]: [EpicFightMod] Can't find the joint Arm_L_IK in the animation file, GuardAnimation infernal:animmodels/animations/biped/skill/infernal_guard_hit
[09Oct2025 05:20:55.349] [modloading-worker-0/WARN] [epicfight/]: [EpicFightMod] Can't find the joint Leg_R_IK in the animation file, GuardAnimation infernal:animmodels/animations/biped/skill/infernal_guard_hit
[09Oct2025 05:20:55.349] [modloading-worker-0/WARN] [epicfight/]: [EpicFightMod] Can't find the joint Leg_L_IK in the animation file, GuardAnimation infernal:animmodels/animations/biped/skill/infernal_guard_hit
[09Oct2025 05:20:55.356] [modloading-worker-0/WARN] [epicfight/]: [EpicFightMod] Can't find the joint Arm_R_IK in the animation file, GuardAnimation infernal:animmodels/animations/biped/skill/infernal_guard_parry
[09Oct2025 05:20:55.356] [modloading-worker-0/WARN] [epicfight/]: [EpicFightMod] Can't find the joint Arm_L_IK in the animation file, GuardAnimation infernal:animmodels/animations/biped/skill/infernal_guard_parry
[09Oct2025 05:20:55.356] [modloading-worker-0/WARN] [epicfight/]: [EpicFightMod] Can't find the joint Leg_R_IK in the animation file, GuardAnimation infernal:animmodels/animations/biped/skill/infernal_guard_parry
[09Oct2025 05:20:55.356] [modloading-worker-0/WARN] [epicfight/]: [EpicFightMod] Can't find the joint Leg_L_IK in the animation file, GuardAnimation infernal:animmodels/animations/biped/skill/infernal_guard_parry
[09Oct2025 05:20:55.377] [modloading-worker-0/WARN] [epicfight/]: [EpicFightMod] Can't find the joint Arm_R_IK in the animation file, LongHitAnimation wom:animmodels/animations/biped/living/biped_hit_extra_long
[09Oct2025 05:20:55.378] [modloading-worker-0/WARN] [epicfight/]: [EpicFightMod] Can't find the joint Arm_L_IK in the animation file, LongHitAnimation wom:animmodels/animations/biped/living/biped_hit_extra_long
[09Oct2025 05:20:55.378] [modloading-worker-0/WARN] [epicfight/]: [EpicFightMod] Can't find the joint Leg_R_IK in the animation file, LongHitAnimation wom:animmodels/animations/biped/living/biped_hit_extra_long
[09Oct2025 05:20:55.378] [modloading-worker-0/WARN] [epicfight/]: [EpicFightMod] Can't find the joint Leg_L_IK in the animation file, LongHitAnimation wom:animmodels/animations/biped/living/biped_hit_extra_long
[09Oct2025 05:20:55.513] [modloading-worker-0/WARN] [epicfight/]: [EpicFightMod] Can't find the joint Leg_R_IK in the animation file, StaticAnimation wom:animmodels/animations/biped/skill/meditation_siting
[09Oct2025 05:20:55.514] [modloading-worker-0/WARN] [epicfight/]: [EpicFightMod] Can't find the joint Leg_L_IK in the animation file, StaticAnimation wom:animmodels/animations/biped/skill/meditation_siting
[09Oct2025 05:20:55.514] [modloading-worker-0/WARN] [epicfight/]: [EpicFightMod] Can't find the joint Weapon_IK in the animation file, StaticAnimation wom:animmodels/animations/biped/skill/meditation_siting
[09Oct2025 05:20:55.514] [modloading-worker-0/WARN] [epicfight/]: [EpicFightMod] Can't find the joint Sheath_IK in the animation file, StaticAnimation wom:animmodels/animations/biped/skill/meditation_siting
[09Oct2025 05:20:55.519] [modloading-worker-0/WARN] [epicfight/]: [EpicFightMod] Can't find the joint Leg_R_IK in the animation file, StaticAnimation wom:animmodels/animations/biped/skill/meditation_breathing
[09Oct2025 05:20:55.519] [modloading-worker-0/WARN] [epicfight/]: [EpicFightMod] Can't find the joint Leg_L_IK in the animation file, StaticAnimation wom:animmodels/animations/biped/skill/meditation_breathing
[09Oct2025 05:20:55.519] [modloading-worker-0/WARN] [epicfight/]: [EpicFightMod] Can't find the joint Weapon_IK in the animation file, StaticAnimation wom:animmodels/animations/biped/skill/meditation_breathing
[09Oct2025 05:20:55.519] [modloading-worker-0/WARN] [epicfight/]: [EpicFightMod] Can't find the joint Sheath_IK in the animation file, StaticAnimation wom:animmodels/animations/biped/skill/meditation_breathing
[09Oct2025 05:20:55.572] [modloading-worker-0/WARN] [epicfight/]: [EpicFightMod] Can't find the joint Leg_R_IK in the animation file, MovementAnimation wom:animmodels/animations/biped/living/agony_walk
[09Oct2025 05:20:55.576] [modloading-worker-0/WARN] [epicfight/]: [EpicFightMod] Can't find the joint Leg_L_IK in the animation file, MovementAnimation wom:animmodels/animations/biped/living/agony_walk
[09Oct2025 05:20:55.839] [modloading-worker-0/WARN] [epicfight/]: [EpicFightMod] Can't find the joint Leg_R_IK in the animation file, StaticAnimation wom:animmodels/animations/biped/living/katana_sheathe
[09Oct2025 05:20:55.840] [modloading-worker-0/WARN] [epicfight/]: [EpicFightMod] Can't find the joint Leg_L_IK in the animation file, StaticAnimation wom:animmodels/animations/biped/living/katana_sheathe
[09Oct2025 05:20:55.841] [modloading-worker-0/WARN] [epicfight/]: [EpicFightMod] Can't find the joint Weapon_IK in the animation file, StaticAnimation wom:animmodels/animations/biped/living/katana_sheathe
[09Oct2025 05:20:55.841] [modloading-worker-0/WARN] [epicfight/]: [EpicFightMod] Can't find the joint Sheath_IK in the animation file, StaticAnimation wom:animmodels/animations/biped/living/katana_sheathe
[09Oct2025 05:20:55.860] [modloading-worker-0/WARN] [epicfight/]: [EpicFightMod] Can't find the joint Leg_R_IK in the animation file, StaticAnimation wom:animmodels/animations/biped/living/katana_idle
[09Oct2025 05:20:55.860] [modloading-worker-0/WARN] [epicfight/]: [EpicFightMod] Can't find the joint Leg_L_IK in the animation file, StaticAnimation wom:animmodels/animations/biped/living/katana_idle
[09Oct2025 05:20:55.862] [modloading-worker-0/WARN] [epicfight/]: [EpicFightMod] Can't find the joint Weapon_IK in the animation file, StaticAnimation wom:animmodels/animations/biped/living/katana_idle
[09Oct2025 05:20:55.864] [modloading-worker-0/WARN] [epicfight/]: [EpicFightMod] Can't find the joint Leg_R_IK in the animation file, MovementAnimation wom:animmodels/animations/biped/living/katana_walk
[09Oct2025 05:20:55.865] [modloading-worker-0/WARN] [epicfight/]: [EpicFightMod] Can't find the joint Leg_L_IK in the animation file, MovementAnimation wom:animmodels/animations/biped/living/katana_walk
[09Oct2025 05:20:55.867] [modloading-worker-0/WARN] [epicfight/]: [EpicFightMod] Can't find the joint Leg_R_IK in the animation file, MovementAnimation wom:animmodels/animations/biped/living/katana_run
[09Oct2025 05:20:55.870] [modloading-worker-0/WARN] [epicfight/]: [EpicFightMod] Can't find the joint Leg_L_IK in the animation file, MovementAnimation wom:animmodels/animations/biped/living/katana_run
[09Oct2025 05:20:56.104] [modloading-worker-0/WARN] [epicfight/]: [EpicFightMod] Can't find the joint Leg_R_IK in the animation file, StaticAnimation wom:animmodels/animations/biped/skill/herrscher_guard
[09Oct2025 05:20:56.104] [modloading-worker-0/WARN] [epicfight/]: [EpicFightMod] Can't find the joint Leg_L_IK in the animation file, StaticAnimation wom:animmodels/animations/biped/skill/herrscher_guard
[09Oct2025 05:20:56.106] [modloading-worker-0/WARN] [epicfight/]: [EpicFightMod] Can't find the joint Leg_R_IK in the animation file, GuardAnimation wom:animmodels/animations/biped/skill/herrscher_guard_hit
[09Oct2025 05:20:56.107] [modloading-worker-0/WARN] [epicfight/]: [EpicFightMod] Can't find the joint Leg_L_IK in the animation file, GuardAnimation wom:animmodels/animations/biped/skill/herrscher_guard_hit
[09Oct2025 05:20:56.109] [modloading-worker-0/WARN] [epicfight/]: [EpicFightMod] Can't find the joint Leg_R_IK in the animation file, GuardAnimation wom:animmodels/animations/biped/skill/herrscher_guard_parry
[09Oct2025 05:20:56.109] [modloading-worker-0/WARN] [epicfight/]: [EpicFightMod] Can't find the joint Leg_L_IK in the animation file, GuardAnimation wom:animmodels/animations/biped/skill/herrscher_guard_parry
[09Oct2025 05:20:56.150] [modloading-worker-0/WARN] [epicfight/]: [EpicFightMod] Can't find the joint Arm_R_IK in the animation file, StaticAnimation wom:animmodels/animations/biped/living/moonless_idle
[09Oct2025 05:20:56.150] [modloading-worker-0/WARN] [epicfight/]: [EpicFightMod] Can't find the joint Arm_L_IK in the animation file, StaticAnimation wom:animmodels/animations/biped/living/moonless_idle
[09Oct2025 05:20:56.151] [modloading-worker-0/WARN] [epicfight/]: [EpicFightMod] Can't find the joint Leg_R_IK in the animation file, StaticAnimation wom:animmodels/animations/biped/living/moonless_idle
[09Oct2025 05:20:56.151] [modloading-worker-0/WARN] [epicfight/]: [EpicFightMod] Can't find the joint Leg_L_IK in the animation file, StaticAnimation wom:animmodels/animations/biped/living/moonless_idle
[09Oct2025 05:20:56.153] [modloading-worker-0/WARN] [epicfight/]: [EpicFightMod] Can't find the joint Arm_R_IK in the animation file, MovementAnimation wom:animmodels/animations/biped/living/moonless_walk
[09Oct2025 05:20:56.154] [modloading-worker-0/WARN] [epicfight/]: [EpicFightMod] Can't find the joint Arm_L_IK in the animation file, MovementAnimation wom:animmodels/animations/biped/living/moonless_walk
[09Oct2025 05:20:56.154] [modloading-worker-0/WARN] [epicfight/]: [EpicFightMod] Can't find the joint Leg_R_IK in the animation file, MovementAnimation wom:animmodels/animations/biped/living/moonless_walk
[09Oct2025 05:20:56.155] [modloading-worker-0/WARN] [epicfight/]: [EpicFightMod] Can't find the joint Leg_L_IK in the animation file, MovementAnimation wom:animmodels/animations/biped/living/moonless_walk
[09Oct2025 05:20:56.160] [modloading-worker-0/WARN] [epicfight/]: [EpicFightMod] Can't find the joint Arm_R_IK in the animation file, MovementAnimation wom:animmodels/animations/biped/living/moonless_run
[09Oct2025 05:20:56.160] [modloading-worker-0/WARN] [epicfight/]: [EpicFightMod] Can't find the joint Arm_L_IK in the animation file, MovementAnimation wom:animmodels/animations/biped/living/moonless_run
[09Oct2025 05:20:56.160] [modloading-worker-0/WARN] [epicfight/]: [EpicFightMod] Can't find the joint Leg_R_IK in the animation file, MovementAnimation wom:animmodels/animations/biped/living/moonless_run
[09Oct2025 05:20:56.161] [modloading-worker-0/WARN] [epicfight/]: [EpicFightMod] Can't find the joint Leg_L_IK in the animation file, MovementAnimation wom:animmodels/animations/biped/living/moonless_run
[09Oct2025 05:20:56.241] [modloading-worker-0/WARN] [epicfight/]: [EpicFightMod] Can't find the joint Arm_R_IK in the animation file, StaticAnimation wom:animmodels/animations/biped/skill/moonless_guard
[09Oct2025 05:20:56.244] [modloading-worker-0/WARN] [epicfight/]: [EpicFightMod] Can't find the joint Arm_L_IK in the animation file, StaticAnimation wom:animmodels/animations/biped/skill/moonless_guard
[09Oct2025 05:20:56.244] [modloading-worker-0/WARN] [epicfight/]: [EpicFightMod] Can't find the joint Leg_R_IK in the animation file, StaticAnimation wom:animmodels/animations/biped/skill/moonless_guard
[09Oct2025 05:20:56.244] [modloading-worker-0/WARN] [epicfight/]: [EpicFightMod] Can't find the joint Leg_L_IK in the animation file, StaticAnimation wom:animmodels/animations/biped/skill/moonless_guard
[09Oct2025 05:20:56.246] [modloading-worker-0/WARN] [epicfight/]: [EpicFightMod] Can't find the joint Arm_R_IK in the animation file, GuardAnimation wom:animmodels/animations/biped/skill/moonless_guard_hit_1
[09Oct2025 05:20:56.249] [modloading-worker-0/WARN] [epicfight/]: [EpicFightMod] Can't find the joint Arm_L_IK in the animation file, GuardAnimation wom:animmodels/animations/biped/skill/moonless_guard_hit_1
[09Oct2025 05:20:56.249] [modloading-worker-0/WARN] [epicfight/]: [EpicFightMod] Can't find the joint Leg_R_IK in the animation file, GuardAnimation wom:animmodels/animations/biped/skill/moonless_guard_hit_1
[09Oct2025 05:20:56.249] [modloading-worker-0/WARN] [epicfight/]: [EpicFightMod] Can't find the joint Leg_L_IK in the animation file, GuardAnimation wom:animmodels/animations/biped/skill/moonless_guard_hit_1
[09Oct2025 05:20:56.251] [modloading-worker-0/WARN] [epicfight/]: [EpicFightMod] Can't find the joint Arm_R_IK in the animation file, GuardAnimation wom:animmodels/animations/biped/skill/moonless_guard_hit_2
[09Oct2025 05:20:56.252] [modloading-worker-0/WARN] [epicfight/]: [EpicFightMod] Can't find the joint Arm_L_IK in the animation file, GuardAnimation wom:animmodels/animations/biped/skill/moonless_guard_hit_2
[09Oct2025 05:20:56.252] [modloading-worker-0/WARN] [epicfight/]: [EpicFightMod] Can't find the joint Leg_R_IK in the animation file, GuardAnimation wom:animmodels/animations/biped/skill/moonless_guard_hit_2
[09Oct2025 05:20:56.252] [modloading-worker-0/WARN] [epicfight/]: [EpicFightMod] Can't find the joint Leg_L_IK in the animation file, GuardAnimation wom:animmodels/animations/biped/skill/moonless_guard_hit_2
[09Oct2025 05:20:56.254] [modloading-worker-0/WARN] [epicfight/]: [EpicFightMod] Can't find the joint Arm_R_IK in the animation file, GuardAnimation wom:animmodels/animations/biped/skill/moonless_guard_hit_3
[09Oct2025 05:20:56.255] [modloading-worker-0/WARN] [epicfight/]: [EpicFightMod] Can't find the joint Arm_L_IK in the animation file, GuardAnimation wom:animmodels/animations/biped/skill/moonless_guard_hit_3
[09Oct2025 05:20:56.256] [modloading-worker-0/WARN] [epicfight/]: [EpicFightMod] Can't find the joint Leg_R_IK in the animation file, GuardAnimation wom:animmodels/animations/biped/skill/moonless_guard_hit_3
[09Oct2025 05:20:56.256] [modloading-worker-0/WARN] [epicfight/]: [EpicFightMod] Can't find the joint Leg_L_IK in the animation file, GuardAnimation wom:animmodels/animations/biped/skill/moonless_guard_hit_3
[09Oct2025 05:20:56.264] [modloading-worker-0/WARN] [epicfight/]: [EpicFightMod] Can't find the joint Arm_R_IK in the animation file, StaticAnimation wom:animmodels/animations/biped/living/solar_idle
[09Oct2025 05:20:56.264] [modloading-worker-0/WARN] [epicfight/]: [EpicFightMod] Can't find the joint Arm_L_IK in the animation file, StaticAnimation wom:animmodels/animations/biped/living/solar_idle
[09Oct2025 05:20:56.264] [modloading-worker-0/WARN] [epicfight/]: [EpicFightMod] Can't find the joint Leg_R_IK in the animation file, StaticAnimation wom:animmodels/animations/biped/living/solar_idle
[09Oct2025 05:20:56.265] [modloading-worker-0/WARN] [epicfight/]: [EpicFightMod] Can't find the joint Leg_L_IK in the animation file, StaticAnimation wom:animmodels/animations/biped/living/solar_idle
[09Oct2025 05:20:56.269] [modloading-worker-0/WARN] [epicfight/]: [EpicFightMod] Can't find the joint Arm_R_IK in the animation file, MovementAnimation wom:animmodels/animations/biped/living/solar_walk
[09Oct2025 05:20:56.269] [modloading-worker-0/WARN] [epicfight/]: [EpicFightMod] Can't find the joint Arm_L_IK in the animation file, MovementAnimation wom:animmodels/animations/biped/living/solar_walk
[09Oct2025 05:20:56.269] [modloading-worker-0/WARN] [epicfight/]: [EpicFightMod] Can't find the joint Leg_R_IK in the animation file, MovementAnimation wom:animmodels/animations/biped/living/solar_walk
[09Oct2025 05:20:56.269] [modloading-worker-0/WARN] [epicfight/]: [EpicFightMod] Can't find the joint Leg_L_IK in the animation file, MovementAnimation wom:animmodels/animations/biped/living/solar_walk
[09Oct2025 05:20:56.271] [modloading-worker-0/WARN] [epicfight/]: [EpicFightMod] Can't find the joint Arm_R_IK in the animation file, MovementAnimation wom:animmodels/animations/biped/living/solar_run
[09Oct2025 05:20:56.274] [modloading-worker-0/WARN] [epicfight/]: [EpicFightMod] Can't find the joint Arm_L_IK in the animation file, MovementAnimation wom:animmodels/animations/biped/living/solar_run
[09Oct2025 05:20:56.274] [modloading-worker-0/WARN] [epicfight/]: [EpicFightMod] Can't find the joint Leg_R_IK in the animation file, MovementAnimation wom:animmodels/animations/biped/living/solar_run
[09Oct2025 05:20:56.274] [modloading-worker-0/WARN] [epicfight/]: [EpicFightMod] Can't find the joint Leg_L_IK in the animation file, MovementAnimation wom:animmodels/animations/biped/living/solar_run
[09Oct2025 05:20:56.549] [modloading-worker-0/WARN] [epicfight/]: [EpicFightMod] Can't find the joint Leg_R_IK in the animation file, CustomGuardAnimation indestructible:animmodels/animations/guard/guard_herrscher
[09Oct2025 05:20:56.549] [modloading-worker-0/WARN] [epicfight/]: [EpicFightMod] Can't find the joint Leg_L_IK in the animation file, CustomGuardAnimation indestructible:animmodels/animations/guard/guard_herrscher
[09Oct2025 05:20:57.303] [modloading-worker-0/INFO] [io.redspace.ironsspellbooks.IronsSpellbooks/]: Got IMC []
[09Oct2025 05:20:57.359] [modloading-worker-0/INFO] [AttributeFix/]: Loaded values for 73 compatible attributes.
[09Oct2025 05:20:57.403] [modloading-worker-0/INFO] [AttributeFix/]: Loaded 104 values from config.
[09Oct2025 05:20:57.433] [modloading-worker-0/INFO] [AttributeFix/]: Saving config file. 104 entries.
[09Oct2025 05:20:57.435] [modloading-worker-0/INFO] [AttributeFix/]: Applying changes for 104 attributes.
[09Oct2025 05:20:57.613] [modloading-worker-0/INFO] [fuzs.nightconfigfixes.config.CheckedConfigFileTypeHandler/CONFIG]: Loaded default config values from file at path /workspaces/astral/servidor_minecraft/defaultconfigs/badmobs-common.toml
[09Oct2025 05:20:57.993] [main/ERROR] [net.minecraft.Util/]: Entity sword_soaring:sword has no attributes
[09Oct2025 05:20:57.993] [main/ERROR] [net.minecraft.Util/]: Entity sword_soaring:rain_screen_sword has no attributes
[09Oct2025 05:20:57.997] [main/ERROR] [net.minecraft.Util/]: Entity sword_soaring:sword has no attributes
[09Oct2025 05:20:57.998] [main/ERROR] [net.minecraft.Util/]: Entity sword_soaring:rain_screen_sword has no attributes
[09Oct2025 05:20:58.000] [main/ERROR] [net.minecraft.Util/]: Entity sword_soaring:sword has no attributes
[09Oct2025 05:20:58.000] [main/ERROR] [net.minecraft.Util/]: Entity sword_soaring:rain_screen_sword has no attributes
[09Oct2025 05:20:58.001] [main/ERROR] [net.minecraft.Util/]: Entity sword_soaring:sword has no attributes
[09Oct2025 05:20:58.001] [main/ERROR] [net.minecraft.Util/]: Entity sword_soaring:rain_screen_sword has no attributes
[09Oct2025 05:20:58.002] [main/ERROR] [net.minecraft.Util/]: Entity sword_soaring:sword has no attributes
[09Oct2025 05:20:58.002] [main/ERROR] [net.minecraft.Util/]: Entity sword_soaring:rain_screen_sword has no attributes
[09Oct2025 05:20:58.003] [main/ERROR] [net.minecraft.Util/]: Entity sword_soaring:sword has no attributes
[09Oct2025 05:20:58.003] [main/ERROR] [net.minecraft.Util/]: Entity sword_soaring:rain_screen_sword has no attributes
[09Oct2025 05:20:58.004] [main/ERROR] [net.minecraft.Util/]: Entity sword_soaring:sword has no attributes
[09Oct2025 05:20:58.004] [main/ERROR] [net.minecraft.Util/]: Entity sword_soaring:rain_screen_sword has no attributes
[09Oct2025 05:20:58.004] [main/ERROR] [net.minecraft.Util/]: Entity sword_soaring:sword has no attributes
[09Oct2025 05:20:58.005] [main/ERROR] [net.minecraft.Util/]: Entity sword_soaring:rain_screen_sword has no attributes
[09Oct2025 05:20:58.005] [main/ERROR] [net.minecraft.Util/]: Entity sword_soaring:sword has no attributes
[09Oct2025 05:20:58.006] [main/ERROR] [net.minecraft.Util/]: Entity sword_soaring:rain_screen_sword has no attributes
[09Oct2025 05:20:58.006] [main/ERROR] [net.minecraft.Util/]: Entity sword_soaring:sword has no attributes
[09Oct2025 05:20:58.007] [main/ERROR] [net.minecraft.Util/]: Entity sword_soaring:rain_screen_sword has no attributes
[09Oct2025 05:20:58.007] [main/ERROR] [net.minecraft.Util/]: Entity sword_soaring:sword has no attributes
[09Oct2025 05:20:58.008] [main/ERROR] [net.minecraft.Util/]: Entity sword_soaring:rain_screen_sword has no attributes
[09Oct2025 05:20:58.008] [main/ERROR] [net.minecraft.Util/]: Entity sword_soaring:sword has no attributes
[09Oct2025 05:20:58.008] [main/ERROR] [net.minecraft.Util/]: Entity sword_soaring:rain_screen_sword has no attributes
[09Oct2025 05:20:58.009] [main/ERROR] [net.minecraft.Util/]: Entity sword_soaring:sword has no attributes
[09Oct2025 05:20:58.009] [main/ERROR] [net.minecraft.Util/]: Entity sword_soaring:rain_screen_sword has no attributes
[09Oct2025 05:20:58.010] [main/ERROR] [net.minecraft.Util/]: Entity sword_soaring:sword has no attributes
[09Oct2025 05:20:58.010] [main/ERROR] [net.minecraft.Util/]: Entity sword_soaring:rain_screen_sword has no attributes
[09Oct2025 05:20:58.011] [main/ERROR] [net.minecraft.Util/]: Entity sword_soaring:sword has no attributes
[09Oct2025 05:20:58.011] [main/ERROR] [net.minecraft.Util/]: Entity sword_soaring:rain_screen_sword has no attributes
[09Oct2025 05:20:58.012] [main/ERROR] [net.minecraft.Util/]: Entity sword_soaring:sword has no attributes
[09Oct2025 05:20:58.012] [main/ERROR] [net.minecraft.Util/]: Entity sword_soaring:rain_screen_sword has no attributes
[09Oct2025 05:20:58.013] [main/ERROR] [net.minecraft.Util/]: Entity sword_soaring:sword has no attributes
[09Oct2025 05:20:58.013] [main/ERROR] [net.minecraft.Util/]: Entity sword_soaring:rain_screen_sword has no attributes
[09Oct2025 05:20:58.014] [main/ERROR] [net.minecraft.Util/]: Entity sword_soaring:sword has no attributes
[09Oct2025 05:20:58.014] [main/ERROR] [net.minecraft.Util/]: Entity sword_soaring:rain_screen_sword has no attributes
[09Oct2025 05:20:58.015] [main/ERROR] [net.minecraft.Util/]: Entity sword_soaring:sword has no attributes
[09Oct2025 05:20:58.015] [main/ERROR] [net.minecraft.Util/]: Entity sword_soaring:rain_screen_sword has no attributes
[09Oct2025 05:20:58.015] [main/ERROR] [net.minecraft.Util/]: Entity sword_soaring:sword has no attributes
[09Oct2025 05:20:58.016] [main/ERROR] [net.minecraft.Util/]: Entity sword_soaring:rain_screen_sword has no attributes
[09Oct2025 05:20:58.016] [main/ERROR] [net.minecraft.Util/]: Entity sword_soaring:sword has no attributes
[09Oct2025 05:20:58.017] [main/ERROR] [net.minecraft.Util/]: Entity sword_soaring:rain_screen_sword has no attributes
[09Oct2025 05:20:58.018] [main/ERROR] [net.minecraft.Util/]: Entity sword_soaring:sword has no attributes
[09Oct2025 05:20:58.019] [main/ERROR] [net.minecraft.Util/]: Entity sword_soaring:rain_screen_sword has no attributes
[09Oct2025 05:20:58.019] [main/ERROR] [net.minecraft.Util/]: Entity sword_soaring:sword has no attributes
[09Oct2025 05:20:58.019] [main/ERROR] [net.minecraft.Util/]: Entity sword_soaring:rain_screen_sword has no attributes
[09Oct2025 05:20:58.020] [main/ERROR] [net.minecraft.Util/]: Entity sword_soaring:sword has no attributes
[09Oct2025 05:20:58.020] [main/ERROR] [net.minecraft.Util/]: Entity sword_soaring:rain_screen_sword has no attributes
[09Oct2025 05:20:58.021] [main/ERROR] [net.minecraft.Util/]: Entity sword_soaring:sword has no attributes
[09Oct2025 05:20:58.021] [main/ERROR] [net.minecraft.Util/]: Entity sword_soaring:rain_screen_sword has no attributes
[09Oct2025 05:20:58.022] [main/ERROR] [net.minecraft.Util/]: Entity sword_soaring:sword has no attributes
[09Oct2025 05:20:58.022] [main/ERROR] [net.minecraft.Util/]: Entity sword_soaring:rain_screen_sword has no attributes
[09Oct2025 05:20:58.023] [main/ERROR] [net.minecraft.Util/]: Entity sword_soaring:sword has no attributes
[09Oct2025 05:20:58.023] [main/ERROR] [net.minecraft.Util/]: Entity sword_soaring:rain_screen_sword has no attributes
[09Oct2025 05:20:58.024] [main/ERROR] [net.minecraft.Util/]: Entity sword_soaring:sword has no attributes
[09Oct2025 05:20:58.024] [main/ERROR] [net.minecraft.Util/]: Entity sword_soaring:rain_screen_sword has no attributes
[09Oct2025 05:20:58.025] [main/ERROR] [net.minecraft.Util/]: Entity sword_soaring:sword has no attributes
[09Oct2025 05:20:58.025] [main/ERROR] [net.minecraft.Util/]: Entity sword_soaring:rain_screen_sword has no attributes
[09Oct2025 05:20:58.025] [main/ERROR] [net.minecraft.Util/]: Entity sword_soaring:sword has no attributes
[09Oct2025 05:20:58.026] [main/ERROR] [net.minecraft.Util/]: Entity sword_soaring:rain_screen_sword has no attributes
[09Oct2025 05:20:58.026] [main/ERROR] [net.minecraft.Util/]: Entity sword_soaring:sword has no attributes
[09Oct2025 05:20:58.027] [main/ERROR] [net.minecraft.Util/]: Entity sword_soaring:rain_screen_sword has no attributes
[09Oct2025 05:20:58.027] [main/ERROR] [net.minecraft.Util/]: Entity sword_soaring:sword has no attributes
[09Oct2025 05:20:58.027] [main/ERROR] [net.minecraft.Util/]: Entity sword_soaring:rain_screen_sword has no attributes
[09Oct2025 05:20:58.028] [main/ERROR] [net.minecraft.Util/]: Entity sword_soaring:sword has no attributes
[09Oct2025 05:20:58.028] [main/ERROR] [net.minecraft.Util/]: Entity sword_soaring:rain_screen_sword has no attributes
[09Oct2025 05:20:58.030] [main/ERROR] [net.minecraft.Util/]: Entity sword_soaring:sword has no attributes
[09Oct2025 05:20:58.030] [main/ERROR] [net.minecraft.Util/]: Entity sword_soaring:rain_screen_sword has no attributes
[09Oct2025 05:20:58.031] [main/ERROR] [net.minecraft.Util/]: Entity sword_soaring:sword has no attributes
[09Oct2025 05:20:58.031] [main/ERROR] [net.minecraft.Util/]: Entity sword_soaring:rain_screen_sword has no attributes
[09Oct2025 05:20:58.032] [main/ERROR] [net.minecraft.Util/]: Entity sword_soaring:sword has no attributes
[09Oct2025 05:20:58.032] [main/ERROR] [net.minecraft.Util/]: Entity sword_soaring:rain_screen_sword has no attributes
[09Oct2025 05:20:58.033] [main/ERROR] [net.minecraft.Util/]: Entity sword_soaring:sword has no attributes
[09Oct2025 05:20:58.033] [main/ERROR] [net.minecraft.Util/]: Entity sword_soaring:rain_screen_sword has no attributes
[09Oct2025 05:20:58.034] [main/ERROR] [net.minecraft.Util/]: Entity sword_soaring:sword has no attributes
[09Oct2025 05:20:58.034] [main/ERROR] [net.minecraft.Util/]: Entity sword_soaring:rain_screen_sword has no attributes
[09Oct2025 05:20:58.035] [main/ERROR] [net.minecraft.Util/]: Entity sword_soaring:sword has no attributes
[09Oct2025 05:20:58.035] [main/ERROR] [net.minecraft.Util/]: Entity sword_soaring:rain_screen_sword has no attributes
[09Oct2025 05:20:58.036] [main/ERROR] [net.minecraft.Util/]: Entity sword_soaring:sword has no attributes
[09Oct2025 05:20:58.036] [main/ERROR] [net.minecraft.Util/]: Entity sword_soaring:rain_screen_sword has no attributes
[09Oct2025 05:20:58.036] [main/ERROR] [net.minecraft.Util/]: Entity sword_soaring:sword has no attributes
[09Oct2025 05:20:58.037] [main/ERROR] [net.minecraft.Util/]: Entity sword_soaring:rain_screen_sword has no attributes
[09Oct2025 05:20:58.037] [main/ERROR] [net.minecraft.Util/]: Entity sword_soaring:sword has no attributes
[09Oct2025 05:20:58.037] [main/ERROR] [net.minecraft.Util/]: Entity sword_soaring:rain_screen_sword has no attributes
[09Oct2025 05:20:58.038] [main/ERROR] [net.minecraft.Util/]: Entity sword_soaring:sword has no attributes
[09Oct2025 05:20:58.038] [main/ERROR] [net.minecraft.Util/]: Entity sword_soaring:rain_screen_sword has no attributes
[09Oct2025 05:20:58.039] [main/ERROR] [net.minecraft.Util/]: Entity sword_soaring:sword has no attributes
[09Oct2025 05:20:58.039] [main/ERROR] [net.minecraft.Util/]: Entity sword_soaring:rain_screen_sword has no attributes
[09Oct2025 05:20:58.040] [main/ERROR] [net.minecraft.Util/]: Entity sword_soaring:sword has no attributes
[09Oct2025 05:20:58.040] [main/ERROR] [net.minecraft.Util/]: Entity sword_soaring:rain_screen_sword has no attributes
[09Oct2025 05:20:58.041] [main/ERROR] [net.minecraft.Util/]: Entity sword_soaring:sword has no attributes
[09Oct2025 05:20:58.041] [main/ERROR] [net.minecraft.Util/]: Entity sword_soaring:rain_screen_sword has no attributes
[09Oct2025 05:20:58.042] [main/ERROR] [net.minecraft.Util/]: Entity sword_soaring:sword has no attributes
[09Oct2025 05:20:58.042] [main/ERROR] [net.minecraft.Util/]: Entity sword_soaring:rain_screen_sword has no attributes
[09Oct2025 05:20:58.042] [main/ERROR] [net.minecraft.Util/]: Entity sword_soaring:sword has no attributes
[09Oct2025 05:20:58.043] [main/ERROR] [net.minecraft.Util/]: Entity sword_soaring:rain_screen_sword has no attributes
[09Oct2025 05:20:58.043] [main/ERROR] [net.minecraft.Util/]: Entity sword_soaring:sword has no attributes
[09Oct2025 05:20:58.043] [main/ERROR] [net.minecraft.Util/]: Entity sword_soaring:rain_screen_sword has no attributes
[09Oct2025 05:20:58.044] [main/ERROR] [net.minecraft.Util/]: Entity sword_soaring:sword has no attributes
[09Oct2025 05:20:58.044] [main/ERROR] [net.minecraft.Util/]: Entity sword_soaring:rain_screen_sword has no attributes
[09Oct2025 05:20:58.045] [main/ERROR] [net.minecraft.Util/]: Entity sword_soaring:sword has no attributes
[09Oct2025 05:20:58.045] [main/ERROR] [net.minecraft.Util/]: Entity sword_soaring:rain_screen_sword has no attributes
[09Oct2025 05:20:58.046] [main/ERROR] [net.minecraft.Util/]: Entity sword_soaring:sword has no attributes
[09Oct2025 05:20:58.046] [main/ERROR] [net.minecraft.Util/]: Entity sword_soaring:rain_screen_sword has no attributes
[09Oct2025 05:20:58.047] [main/ERROR] [net.minecraft.Util/]: Entity sword_soaring:sword has no attributes
[09Oct2025 05:20:58.047] [main/ERROR] [net.minecraft.Util/]: Entity sword_soaring:rain_screen_sword has no attributes
[09Oct2025 05:20:58.048] [main/ERROR] [net.minecraft.Util/]: Entity sword_soaring:sword has no attributes
[09Oct2025 05:20:58.048] [main/ERROR] [net.minecraft.Util/]: Entity sword_soaring:rain_screen_sword has no attributes
[09Oct2025 05:20:58.048] [main/ERROR] [net.minecraft.Util/]: Entity sword_soaring:sword has no attributes
[09Oct2025 05:20:58.049] [main/ERROR] [net.minecraft.Util/]: Entity sword_soaring:rain_screen_sword has no attributes
[09Oct2025 05:20:58.049] [main/ERROR] [net.minecraft.Util/]: Entity sword_soaring:sword has no attributes
[09Oct2025 05:20:58.049] [main/ERROR] [net.minecraft.Util/]: Entity sword_soaring:rain_screen_sword has no attributes
[09Oct2025 05:20:58.050] [main/ERROR] [net.minecraft.Util/]: Entity sword_soaring:sword has no attributes
[09Oct2025 05:20:58.050] [main/ERROR] [net.minecraft.Util/]: Entity sword_soaring:rain_screen_sword has no attributes
[09Oct2025 05:20:58.051] [main/ERROR] [net.minecraft.Util/]: Entity sword_soaring:sword has no attributes
[09Oct2025 05:20:58.051] [main/ERROR] [net.minecraft.Util/]: Entity sword_soaring:rain_screen_sword has no attributes
[09Oct2025 05:20:58.052] [main/ERROR] [net.minecraft.Util/]: Entity sword_soaring:sword has no attributes
[09Oct2025 05:20:58.052] [main/ERROR] [net.minecraft.Util/]: Entity sword_soaring:rain_screen_sword has no attributes
[09Oct2025 05:20:58.053] [main/ERROR] [net.minecraft.Util/]: Entity sword_soaring:sword has no attributes
[09Oct2025 05:20:58.053] [main/ERROR] [net.minecraft.Util/]: Entity sword_soaring:rain_screen_sword has no attributes
[09Oct2025 05:20:58.054] [main/ERROR] [net.minecraft.Util/]: Entity sword_soaring:sword has no attributes
[09Oct2025 05:20:58.054] [main/ERROR] [net.minecraft.Util/]: Entity sword_soaring:rain_screen_sword has no attributes
[09Oct2025 05:20:58.054] [main/ERROR] [net.minecraft.Util/]: Entity sword_soaring:sword has no attributes
[09Oct2025 05:20:58.055] [main/ERROR] [net.minecraft.Util/]: Entity sword_soaring:rain_screen_sword has no attributes
[09Oct2025 05:20:58.055] [main/ERROR] [net.minecraft.Util/]: Entity sword_soaring:sword has no attributes
[09Oct2025 05:20:58.056] [main/ERROR] [net.minecraft.Util/]: Entity sword_soaring:rain_screen_sword has no attributes
[09Oct2025 05:20:58.056] [main/ERROR] [net.minecraft.Util/]: Entity sword_soaring:sword has no attributes
[09Oct2025 05:20:58.056] [main/ERROR] [net.minecraft.Util/]: Entity sword_soaring:rain_screen_sword has no attributes
[09Oct2025 05:20:58.057] [main/ERROR] [net.minecraft.Util/]: Entity sword_soaring:sword has no attributes
[09Oct2025 05:20:58.057] [main/ERROR] [net.minecraft.Util/]: Entity sword_soaring:rain_screen_sword has no attributes
[09Oct2025 05:20:58.058] [main/ERROR] [net.minecraft.Util/]: Entity sword_soaring:sword has no attributes
[09Oct2025 05:20:58.058] [main/ERROR] [net.minecraft.Util/]: Entity sword_soaring:rain_screen_sword has no attributes
[09Oct2025 05:20:58.059] [main/ERROR] [net.minecraft.Util/]: Entity sword_soaring:sword has no attributes
[09Oct2025 05:20:58.059] [main/ERROR] [net.minecraft.Util/]: Entity sword_soaring:rain_screen_sword has no attributes
[09Oct2025 05:20:58.060] [main/ERROR] [net.minecraft.Util/]: Entity sword_soaring:sword has no attributes
[09Oct2025 05:20:58.060] [main/ERROR] [net.minecraft.Util/]: Entity sword_soaring:rain_screen_sword has no attributes
[09Oct2025 05:20:58.061] [main/ERROR] [net.minecraft.Util/]: Entity sword_soaring:sword has no attributes
[09Oct2025 05:20:58.061] [main/ERROR] [net.minecraft.Util/]: Entity sword_soaring:rain_screen_sword has no attributes
[09Oct2025 05:20:58.061] [main/ERROR] [net.minecraft.Util/]: Entity sword_soaring:sword has no attributes
[09Oct2025 05:20:58.062] [main/ERROR] [net.minecraft.Util/]: Entity sword_soaring:rain_screen_sword has no attributes
[09Oct2025 05:20:58.062] [main/ERROR] [net.minecraft.Util/]: Entity sword_soaring:sword has no attributes
[09Oct2025 05:20:58.062] [main/ERROR] [net.minecraft.Util/]: Entity sword_soaring:rain_screen_sword has no attributes
[09Oct2025 05:20:58.063] [main/ERROR] [net.minecraft.Util/]: Entity sword_soaring:sword has no attributes
[09Oct2025 05:20:58.063] [main/ERROR] [net.minecraft.Util/]: Entity sword_soaring:rain_screen_sword has no attributes
[09Oct2025 05:20:58.064] [main/ERROR] [net.minecraft.Util/]: Entity sword_soaring:sword has no attributes
[09Oct2025 05:20:58.064] [main/ERROR] [net.minecraft.Util/]: Entity sword_soaring:rain_screen_sword has no attributes
[09Oct2025 05:20:58.389] [main/WARN] [net.minecraftforge.server.loading.ServerModLoader/LOADING]: Mods loaded with 2 warnings
[09Oct2025 05:20:58.392] [main/WARN] [net.minecraftforge.server.loading.ServerModLoader/LOADING]: modernfix.no_lazydfu
[09Oct2025 05:20:58.393] [main/WARN] [net.minecraftforge.server.loading.ServerModLoader/LOADING]: modernfix.perf_mod_warning
[09Oct2025 05:20:58.416] [main/INFO] [com.mojang.authlib.yggdrasil.YggdrasilAuthenticationService/]: Environment: authHost='https://authserver.mojang.com', accountsHost='https://api.mojang.com', sessionHost='https://sessionserver.mojang.com', servicesHost='https://api.minecraftservices.com', name='PROD'
[09Oct2025 05:20:59.051] [main/ERROR] [net.minecraft.Util/]: Entity sword_soaring:sword has no attributes
[09Oct2025 05:20:59.051] [main/ERROR] [net.minecraft.Util/]: Entity sword_soaring:rain_screen_sword has no attributes
[09Oct2025 05:20:59.052] [main/ERROR] [net.minecraft.Util/]: Entity sword_soaring:sword has no attributes
[09Oct2025 05:20:59.055] [main/ERROR] [net.minecraft.Util/]: Entity sword_soaring:rain_screen_sword has no attributes
[09Oct2025 05:20:59.055] [main/ERROR] [net.minecraft.Util/]: Entity sword_soaring:sword has no attributes
[09Oct2025 05:20:59.055] [main/ERROR] [net.minecraft.Util/]: Entity sword_soaring:rain_screen_sword has no attributes
[09Oct2025 05:20:59.056] [main/ERROR] [net.minecraft.Util/]: Entity sword_soaring:sword has no attributes
[09Oct2025 05:20:59.057] [main/ERROR] [net.minecraft.Util/]: Entity sword_soaring:rain_screen_sword has no attributes
[09Oct2025 05:20:59.057] [main/ERROR] [net.minecraft.Util/]: Entity sword_soaring:sword has no attributes
[09Oct2025 05:20:59.057] [main/ERROR] [net.minecraft.Util/]: Entity sword_soaring:rain_screen_sword has no attributes
[09Oct2025 05:20:59.058] [main/ERROR] [net.minecraft.Util/]: Entity sword_soaring:sword has no attributes
[09Oct2025 05:20:59.058] [main/ERROR] [net.minecraft.Util/]: Entity sword_soaring:rain_screen_sword has no attributes
[09Oct2025 05:20:59.058] [main/ERROR] [net.minecraft.Util/]: Entity sword_soaring:sword has no attributes
[09Oct2025 05:20:59.059] [main/ERROR] [net.minecraft.Util/]: Entity sword_soaring:rain_screen_sword has no attributes
[09Oct2025 05:20:59.060] [main/ERROR] [net.minecraft.Util/]: Entity sword_soaring:sword has no attributes
[09Oct2025 05:20:59.060] [main/ERROR] [net.minecraft.Util/]: Entity sword_soaring:rain_screen_sword has no attributes
[09Oct2025 05:20:59.061] [main/ERROR] [net.minecraft.Util/]: Entity sword_soaring:sword has no attributes
[09Oct2025 05:20:59.064] [main/ERROR] [net.minecraft.Util/]: Entity sword_soaring:rain_screen_sword has no attributes
[09Oct2025 05:20:59.064] [main/ERROR] [net.minecraft.Util/]: Entity sword_soaring:sword has no attributes
[09Oct2025 05:20:59.064] [main/ERROR] [net.minecraft.Util/]: Entity sword_soaring:rain_screen_sword has no attributes
[09Oct2025 05:20:59.064] [main/ERROR] [net.minecraft.Util/]: Entity sword_soaring:sword has no attributes
[09Oct2025 05:20:59.064] [main/ERROR] [net.minecraft.Util/]: Entity sword_soaring:rain_screen_sword has no attributes
[09Oct2025 05:20:59.065] [main/ERROR] [net.minecraft.Util/]: Entity sword_soaring:sword has no attributes
[09Oct2025 05:20:59.065] [main/ERROR] [net.minecraft.Util/]: Entity sword_soaring:rain_screen_sword has no attributes
[09Oct2025 05:20:59.065] [main/ERROR] [net.minecraft.Util/]: Entity sword_soaring:sword has no attributes
[09Oct2025 05:20:59.065] [main/ERROR] [net.minecraft.Util/]: Entity sword_soaring:rain_screen_sword has no attributes
[09Oct2025 05:20:59.065] [main/ERROR] [net.minecraft.Util/]: Entity sword_soaring:sword has no attributes
[09Oct2025 05:20:59.066] [main/ERROR] [net.minecraft.Util/]: Entity sword_soaring:rain_screen_sword has no attributes
[09Oct2025 05:20:59.066] [main/ERROR] [net.minecraft.Util/]: Entity sword_soaring:sword has no attributes
[09Oct2025 05:20:59.067] [main/ERROR] [net.minecraft.Util/]: Entity sword_soaring:rain_screen_sword has no attributes
[09Oct2025 05:20:59.067] [main/ERROR] [net.minecraft.Util/]: Entity sword_soaring:sword has no attributes
[09Oct2025 05:20:59.067] [main/ERROR] [net.minecraft.Util/]: Entity sword_soaring:rain_screen_sword has no attributes
[09Oct2025 05:20:59.068] [main/ERROR] [net.minecraft.Util/]: Entity sword_soaring:sword has no attributes
[09Oct2025 05:20:59.068] [main/ERROR] [net.minecraft.Util/]: Entity sword_soaring:rain_screen_sword has no attributes
[09Oct2025 05:20:59.069] [main/ERROR] [net.minecraft.Util/]: Entity sword_soaring:sword has no attributes
[09Oct2025 05:20:59.072] [main/ERROR] [net.minecraft.Util/]: Entity sword_soaring:rain_screen_sword has no attributes
[09Oct2025 05:20:59.072] [main/ERROR] [net.minecraft.Util/]: Entity sword_soaring:sword has no attributes
[09Oct2025 05:20:59.072] [main/ERROR] [net.minecraft.Util/]: Entity sword_soaring:rain_screen_sword has no attributes
[09Oct2025 05:20:59.072] [main/ERROR] [net.minecraft.Util/]: Entity sword_soaring:sword has no attributes
[09Oct2025 05:20:59.073] [main/ERROR] [net.minecraft.Util/]: Entity sword_soaring:rain_screen_sword has no attributes
[09Oct2025 05:20:59.073] [main/ERROR] [net.minecraft.Util/]: Entity sword_soaring:sword has no attributes
[09Oct2025 05:20:59.073] [main/ERROR] [net.minecraft.Util/]: Entity sword_soaring:rain_screen_sword has no attributes
[09Oct2025 05:20:59.073] [main/ERROR] [net.minecraft.Util/]: Entity sword_soaring:sword has no attributes
[09Oct2025 05:20:59.073] [main/ERROR] [net.minecraft.Util/]: Entity sword_soaring:rain_screen_sword has no attributes
[09Oct2025 05:20:59.074] [main/ERROR] [net.minecraft.Util/]: Entity sword_soaring:sword has no attributes
[09Oct2025 05:20:59.075] [main/ERROR] [net.minecraft.Util/]: Entity sword_soaring:rain_screen_sword has no attributes
[09Oct2025 05:20:59.075] [main/ERROR] [net.minecraft.Util/]: Entity sword_soaring:sword has no attributes
[09Oct2025 05:20:59.076] [main/ERROR] [net.minecraft.Util/]: Entity sword_soaring:rain_screen_sword has no attributes
[09Oct2025 05:20:59.076] [main/ERROR] [net.minecraft.Util/]: Entity sword_soaring:sword has no attributes
[09Oct2025 05:20:59.077] [main/ERROR] [net.minecraft.Util/]: Entity sword_soaring:rain_screen_sword has no attributes
[09Oct2025 05:20:59.080] [main/ERROR] [net.minecraft.Util/]: Entity sword_soaring:sword has no attributes
[09Oct2025 05:20:59.080] [main/ERROR] [net.minecraft.Util/]: Entity sword_soaring:rain_screen_sword has no attributes
[09Oct2025 05:20:59.081] [main/ERROR] [net.minecraft.Util/]: Entity sword_soaring:sword has no attributes
[09Oct2025 05:20:59.081] [main/ERROR] [net.minecraft.Util/]: Entity sword_soaring:rain_screen_sword has no attributes
[09Oct2025 05:20:59.081] [main/ERROR] [net.minecraft.Util/]: Entity sword_soaring:sword has no attributes
[09Oct2025 05:20:59.084] [main/ERROR] [net.minecraft.Util/]: Entity sword_soaring:rain_screen_sword has no attributes
[09Oct2025 05:20:59.084] [main/ERROR] [net.minecraft.Util/]: Entity sword_soaring:sword has no attributes
[09Oct2025 05:20:59.084] [main/ERROR] [net.minecraft.Util/]: Entity sword_soaring:rain_screen_sword has no attributes
[09Oct2025 05:20:59.085] [main/ERROR] [net.minecraft.Util/]: Entity sword_soaring:sword has no attributes
[09Oct2025 05:20:59.086] [main/ERROR] [net.minecraft.Util/]: Entity sword_soaring:rain_screen_sword has no attributes
[09Oct2025 05:20:59.086] [main/ERROR] [net.minecraft.Util/]: Entity sword_soaring:sword has no attributes
[09Oct2025 05:20:59.087] [main/ERROR] [net.minecraft.Util/]: Entity sword_soaring:rain_screen_sword has no attributes
[09Oct2025 05:20:59.088] [main/ERROR] [net.minecraft.Util/]: Entity sword_soaring:sword has no attributes
[09Oct2025 05:20:59.091] [main/ERROR] [net.minecraft.Util/]: Entity sword_soaring:rain_screen_sword has no attributes
[09Oct2025 05:20:59.091] [main/ERROR] [net.minecraft.Util/]: Entity sword_soaring:sword has no attributes
[09Oct2025 05:20:59.091] [main/ERROR] [net.minecraft.Util/]: Entity sword_soaring:rain_screen_sword has no attributes
[09Oct2025 05:20:59.092] [main/ERROR] [net.minecraft.Util/]: Entity sword_soaring:sword has no attributes
[09Oct2025 05:20:59.092] [main/ERROR] [net.minecraft.Util/]: Entity sword_soaring:rain_screen_sword has no attributes
[09Oct2025 05:20:59.095] [main/ERROR] [net.minecraft.Util/]: Entity sword_soaring:sword has no attributes
[09Oct2025 05:20:59.095] [main/ERROR] [net.minecraft.Util/]: Entity sword_soaring:rain_screen_sword has no attributes
[09Oct2025 05:20:59.095] [main/ERROR] [net.minecraft.Util/]: Entity sword_soaring:sword has no attributes
[09Oct2025 05:20:59.096] [main/ERROR] [net.minecraft.Util/]: Entity sword_soaring:rain_screen_sword has no attributes
[09Oct2025 05:20:59.096] [main/ERROR] [net.minecraft.Util/]: Entity sword_soaring:sword has no attributes
[09Oct2025 05:20:59.096] [main/ERROR] [net.minecraft.Util/]: Entity sword_soaring:rain_screen_sword has no attributes
[09Oct2025 05:20:59.096] [main/ERROR] [net.minecraft.Util/]: Entity sword_soaring:sword has no attributes
[09Oct2025 05:20:59.097] [main/ERROR] [net.minecraft.Util/]: Entity sword_soaring:rain_screen_sword has no attributes
[09Oct2025 05:20:59.097] [main/ERROR] [net.minecraft.Util/]: Entity sword_soaring:sword has no attributes
[09Oct2025 05:20:59.097] [main/ERROR] [net.minecraft.Util/]: Entity sword_soaring:rain_screen_sword has no attributes
[09Oct2025 05:20:59.097] [main/ERROR] [net.minecraft.Util/]: Entity sword_soaring:sword has no attributes
[09Oct2025 05:20:59.097] [main/ERROR] [net.minecraft.Util/]: Entity sword_soaring:rain_screen_sword has no attributes
[09Oct2025 05:20:59.098] [main/ERROR] [net.minecraft.Util/]: Entity sword_soaring:sword has no attributes
[09Oct2025 05:20:59.100] [main/ERROR] [net.minecraft.Util/]: Entity sword_soaring:rain_screen_sword has no attributes
[09Oct2025 05:20:59.101] [main/ERROR] [net.minecraft.Util/]: Entity sword_soaring:sword has no attributes
[09Oct2025 05:20:59.101] [main/ERROR] [net.minecraft.Util/]: Entity sword_soaring:rain_screen_sword has no attributes
[09Oct2025 05:20:59.101] [main/ERROR] [net.minecraft.Util/]: Entity sword_soaring:sword has no attributes
[09Oct2025 05:20:59.101] [main/ERROR] [net.minecraft.Util/]: Entity sword_soaring:rain_screen_sword has no attributes
[09Oct2025 05:20:59.101] [main/ERROR] [net.minecraft.Util/]: Entity sword_soaring:sword has no attributes
[09Oct2025 05:20:59.102] [main/ERROR] [net.minecraft.Util/]: Entity sword_soaring:rain_screen_sword has no attributes
[09Oct2025 05:20:59.102] [main/ERROR] [net.minecraft.Util/]: Entity sword_soaring:sword has no attributes
[09Oct2025 05:20:59.102] [main/ERROR] [net.minecraft.Util/]: Entity sword_soaring:rain_screen_sword has no attributes
[09Oct2025 05:20:59.102] [main/ERROR] [net.minecraft.Util/]: Entity sword_soaring:sword has no attributes
[09Oct2025 05:20:59.102] [main/ERROR] [net.minecraft.Util/]: Entity sword_soaring:rain_screen_sword has no attributes
[09Oct2025 05:20:59.103] [main/ERROR] [net.minecraft.Util/]: Entity sword_soaring:sword has no attributes
[09Oct2025 05:20:59.103] [main/ERROR] [net.minecraft.Util/]: Entity sword_soaring:rain_screen_sword has no attributes
[09Oct2025 05:20:59.103] [main/ERROR] [net.minecraft.Util/]: Entity sword_soaring:sword has no attributes
[09Oct2025 05:20:59.103] [main/ERROR] [net.minecraft.Util/]: Entity sword_soaring:rain_screen_sword has no attributes
[09Oct2025 05:20:59.103] [main/ERROR] [net.minecraft.Util/]: Entity sword_soaring:sword has no attributes
[09Oct2025 05:20:59.104] [main/ERROR] [net.minecraft.Util/]: Entity sword_soaring:rain_screen_sword has no attributes
[09Oct2025 05:20:59.104] [main/ERROR] [net.minecraft.Util/]: Entity sword_soaring:sword has no attributes
[09Oct2025 05:20:59.105] [main/ERROR] [net.minecraft.Util/]: Entity sword_soaring:rain_screen_sword has no attributes
[09Oct2025 05:20:59.106] [main/ERROR] [net.minecraft.Util/]: Entity sword_soaring:sword has no attributes
[09Oct2025 05:20:59.107] [main/ERROR] [net.minecraft.Util/]: Entity sword_soaring:rain_screen_sword has no attributes
[09Oct2025 05:20:59.107] [main/ERROR] [net.minecraft.Util/]: Entity sword_soaring:sword has no attributes
[09Oct2025 05:20:59.107] [main/ERROR] [net.minecraft.Util/]: Entity sword_soaring:rain_screen_sword has no attributes
[09Oct2025 05:20:59.112] [main/ERROR] [net.minecraft.Util/]: Entity sword_soaring:sword has no attributes
[09Oct2025 05:20:59.112] [main/ERROR] [net.minecraft.Util/]: Entity sword_soaring:rain_screen_sword has no attributes
[09Oct2025 05:20:59.112] [main/ERROR] [net.minecraft.Util/]: Entity sword_soaring:sword has no attributes
[09Oct2025 05:20:59.112] [main/ERROR] [net.minecraft.Util/]: Entity sword_soaring:rain_screen_sword has no attributes
[09Oct2025 05:20:59.113] [main/ERROR] [net.minecraft.Util/]: Entity sword_soaring:sword has no attributes
[09Oct2025 05:20:59.113] [main/ERROR] [net.minecraft.Util/]: Entity sword_soaring:rain_screen_sword has no attributes
[09Oct2025 05:20:59.113] [main/ERROR] [net.minecraft.Util/]: Entity sword_soaring:sword has no attributes
[09Oct2025 05:20:59.116] [main/ERROR] [net.minecraft.Util/]: Entity sword_soaring:rain_screen_sword has no attributes
[09Oct2025 05:20:59.116] [main/ERROR] [net.minecraft.Util/]: Entity sword_soaring:sword has no attributes
[09Oct2025 05:20:59.120] [main/ERROR] [net.minecraft.Util/]: Entity sword_soaring:rain_screen_sword has no attributes
[09Oct2025 05:20:59.120] [main/ERROR] [net.minecraft.Util/]: Entity sword_soaring:sword has no attributes
[09Oct2025 05:20:59.121] [main/ERROR] [net.minecraft.Util/]: Entity sword_soaring:rain_screen_sword has no attributes
[09Oct2025 05:20:59.121] [main/ERROR] [net.minecraft.Util/]: Entity sword_soaring:sword has no attributes
[09Oct2025 05:20:59.121] [main/ERROR] [net.minecraft.Util/]: Entity sword_soaring:rain_screen_sword has no attributes
[09Oct2025 05:20:59.121] [main/ERROR] [net.minecraft.Util/]: Entity sword_soaring:sword has no attributes
[09Oct2025 05:20:59.121] [main/ERROR] [net.minecraft.Util/]: Entity sword_soaring:rain_screen_sword has no attributes
[09Oct2025 05:20:59.122] [main/ERROR] [net.minecraft.Util/]: Entity sword_soaring:sword has no attributes
[09Oct2025 05:20:59.122] [main/ERROR] [net.minecraft.Util/]: Entity sword_soaring:rain_screen_sword has no attributes
[09Oct2025 05:20:59.123] [main/ERROR] [net.minecraft.Util/]: Entity sword_soaring:sword has no attributes
[09Oct2025 05:20:59.124] [main/ERROR] [net.minecraft.Util/]: Entity sword_soaring:rain_screen_sword has no attributes
[09Oct2025 05:20:59.124] [main/ERROR] [net.minecraft.Util/]: Entity sword_soaring:sword has no attributes
[09Oct2025 05:20:59.124] [main/ERROR] [net.minecraft.Util/]: Entity sword_soaring:rain_screen_sword has no attributes
[09Oct2025 05:20:59.128] [main/ERROR] [net.minecraft.Util/]: Entity sword_soaring:sword has no attributes
[09Oct2025 05:20:59.128] [main/ERROR] [net.minecraft.Util/]: Entity sword_soaring:rain_screen_sword has no attributes
[09Oct2025 05:20:59.128] [main/ERROR] [net.minecraft.Util/]: Entity sword_soaring:sword has no attributes
[09Oct2025 05:20:59.129] [main/ERROR] [net.minecraft.Util/]: Entity sword_soaring:rain_screen_sword has no attributes
[09Oct2025 05:20:59.129] [main/ERROR] [net.minecraft.Util/]: Entity sword_soaring:sword has no attributes
[09Oct2025 05:20:59.129] [main/ERROR] [net.minecraft.Util/]: Entity sword_soaring:rain_screen_sword has no attributes
[09Oct2025 05:20:59.130] [main/ERROR] [net.minecraft.Util/]: Entity sword_soaring:sword has no attributes
[09Oct2025 05:20:59.131] [main/ERROR] [net.minecraft.Util/]: Entity sword_soaring:rain_screen_sword has no attributes
[09Oct2025 05:20:59.132] [main/ERROR] [net.minecraft.Util/]: Entity sword_soaring:sword has no attributes
[09Oct2025 05:20:59.132] [main/ERROR] [net.minecraft.Util/]: Entity sword_soaring:rain_screen_sword has no attributes
[09Oct2025 05:20:59.133] [main/ERROR] [net.minecraft.Util/]: Entity sword_soaring:sword has no attributes
[09Oct2025 05:20:59.135] [main/ERROR] [net.minecraft.Util/]: Entity sword_soaring:rain_screen_sword has no attributes
[09Oct2025 05:20:59.135] [main/ERROR] [net.minecraft.Util/]: Entity sword_soaring:sword has no attributes
[09Oct2025 05:20:59.139] [main/ERROR] [net.minecraft.Util/]: Entity sword_soaring:rain_screen_sword has no attributes
[09Oct2025 05:20:59.139] [main/ERROR] [net.minecraft.Util/]: Entity sword_soaring:sword has no attributes
[09Oct2025 05:20:59.139] [main/ERROR] [net.minecraft.Util/]: Entity sword_soaring:rain_screen_sword has no attributes
[09Oct2025 05:20:59.140] [main/ERROR] [net.minecraft.Util/]: Entity sword_soaring:sword has no attributes
[09Oct2025 05:20:59.140] [main/ERROR] [net.minecraft.Util/]: Entity sword_soaring:rain_screen_sword has no attributes
[09Oct2025 05:20:59.140] [main/ERROR] [net.minecraft.Util/]: Entity sword_soaring:sword has no attributes
[09Oct2025 05:20:59.140] [main/ERROR] [net.minecraft.Util/]: Entity sword_soaring:rain_screen_sword has no attributes
[09Oct2025 05:20:59.579] [main/ERROR] [net.minecraft.Util/]: Entity sword_soaring:sword has no attributes
[09Oct2025 05:20:59.585] [main/ERROR] [net.minecraft.Util/]: Entity sword_soaring:rain_screen_sword has no attributes
[09Oct2025 05:20:59.586] [main/ERROR] [net.minecraft.Util/]: Entity sword_soaring:sword has no attributes
[09Oct2025 05:20:59.586] [main/ERROR] [net.minecraft.Util/]: Entity sword_soaring:rain_screen_sword has no attributes
[09Oct2025 05:20:59.587] [main/ERROR] [net.minecraft.Util/]: Entity sword_soaring:sword has no attributes
[09Oct2025 05:20:59.587] [main/ERROR] [net.minecraft.Util/]: Entity sword_soaring:rain_screen_sword has no attributes
[09Oct2025 05:20:59.587] [main/ERROR] [net.minecraft.Util/]: Entity sword_soaring:sword has no attributes
[09Oct2025 05:20:59.591] [main/ERROR] [net.minecraft.Util/]: Entity sword_soaring:rain_screen_sword has no attributes
[09Oct2025 05:20:59.591] [main/ERROR] [net.minecraft.Util/]: Entity sword_soaring:sword has no attributes
[09Oct2025 05:20:59.591] [main/ERROR] [net.minecraft.Util/]: Entity sword_soaring:rain_screen_sword has no attributes
[09Oct2025 05:20:59.591] [main/ERROR] [net.minecraft.Util/]: Entity sword_soaring:sword has no attributes
[09Oct2025 05:20:59.591] [main/ERROR] [net.minecraft.Util/]: Entity sword_soaring:rain_screen_sword has no attributes
[09Oct2025 05:20:59.596] [main/ERROR] [net.minecraft.Util/]: Entity sword_soaring:sword has no attributes
[09Oct2025 05:20:59.596] [main/ERROR] [net.minecraft.Util/]: Entity sword_soaring:rain_screen_sword has no attributes
[09Oct2025 05:20:59.596] [main/ERROR] [net.minecraft.Util/]: Entity sword_soaring:sword has no attributes
[09Oct2025 05:20:59.596] [main/ERROR] [net.minecraft.Util/]: Entity sword_soaring:rain_screen_sword has no attributes
[09Oct2025 05:20:59.597] [main/ERROR] [net.minecraft.Util/]: Entity sword_soaring:sword has no attributes
[09Oct2025 05:20:59.597] [main/ERROR] [net.minecraft.Util/]: Entity sword_soaring:rain_screen_sword has no attributes
[09Oct2025 05:20:59.597] [main/ERROR] [net.minecraft.Util/]: Entity sword_soaring:sword has no attributes
[09Oct2025 05:20:59.597] [main/ERROR] [net.minecraft.Util/]: Entity sword_soaring:rain_screen_sword has no attributes
[09Oct2025 05:20:59.598] [main/ERROR] [net.minecraft.Util/]: Entity sword_soaring:sword has no attributes
[09Oct2025 05:20:59.599] [main/ERROR] [net.minecraft.Util/]: Entity sword_soaring:rain_screen_sword has no attributes
[09Oct2025 05:20:59.599] [main/ERROR] [net.minecraft.Util/]: Entity sword_soaring:sword has no attributes
[09Oct2025 05:20:59.602] [main/ERROR] [net.minecraft.Util/]: Entity sword_soaring:rain_screen_sword has no attributes
[09Oct2025 05:20:59.602] [main/ERROR] [net.minecraft.Util/]: Entity sword_soaring:sword has no attributes
[09Oct2025 05:20:59.602] [main/ERROR] [net.minecraft.Util/]: Entity sword_soaring:rain_screen_sword has no attributes
[09Oct2025 05:20:59.604] [main/ERROR] [net.minecraft.Util/]: Entity sword_soaring:sword has no attributes
[09Oct2025 05:20:59.604] [main/ERROR] [net.minecraft.Util/]: Entity sword_soaring:rain_screen_sword has no attributes
[09Oct2025 05:20:59.604] [main/ERROR] [net.minecraft.Util/]: Entity sword_soaring:sword has no attributes
[09Oct2025 05:20:59.604] [main/ERROR] [net.minecraft.Util/]: Entity sword_soaring:rain_screen_sword has no attributes
[09Oct2025 05:20:59.605] [main/ERROR] [net.minecraft.Util/]: Entity sword_soaring:sword has no attributes
[09Oct2025 05:20:59.605] [main/ERROR] [net.minecraft.Util/]: Entity sword_soaring:rain_screen_sword has no attributes
[09Oct2025 05:20:59.605] [main/ERROR] [net.minecraft.Util/]: Entity sword_soaring:sword has no attributes
[09Oct2025 05:20:59.605] [main/ERROR] [net.minecraft.Util/]: Entity sword_soaring:rain_screen_sword has no attributes
[09Oct2025 05:20:59.605] [main/ERROR] [net.minecraft.Util/]: Entity sword_soaring:sword has no attributes
[09Oct2025 05:20:59.605] [main/ERROR] [net.minecraft.Util/]: Entity sword_soaring:rain_screen_sword has no attributes
[09Oct2025 05:20:59.605] [main/ERROR] [net.minecraft.Util/]: Entity sword_soaring:sword has no attributes
[09Oct2025 05:20:59.606] [main/ERROR] [net.minecraft.Util/]: Entity sword_soaring:rain_screen_sword has no attributes
[09Oct2025 05:20:59.606] [main/ERROR] [net.minecraft.Util/]: Entity sword_soaring:sword has no attributes
[09Oct2025 05:20:59.606] [main/ERROR] [net.minecraft.Util/]: Entity sword_soaring:rain_screen_sword has no attributes
[09Oct2025 05:20:59.606] [main/ERROR] [net.minecraft.Util/]: Entity sword_soaring:sword has no attributes
[09Oct2025 05:20:59.606] [main/ERROR] [net.minecraft.Util/]: Entity sword_soaring:rain_screen_sword has no attributes
[09Oct2025 05:20:59.606] [main/ERROR] [net.minecraft.Util/]: Entity sword_soaring:sword has no attributes
[09Oct2025 05:20:59.615] [main/ERROR] [net.minecraft.Util/]: Entity sword_soaring:rain_screen_sword has no attributes
[09Oct2025 05:20:59.615] [main/ERROR] [net.minecraft.Util/]: Entity sword_soaring:sword has no attributes
[09Oct2025 05:20:59.615] [main/ERROR] [net.minecraft.Util/]: Entity sword_soaring:rain_screen_sword has no attributes
[09Oct2025 05:20:59.615] [main/ERROR] [net.minecraft.Util/]: Entity sword_soaring:sword has no attributes
[09Oct2025 05:20:59.616] [main/ERROR] [net.minecraft.Util/]: Entity sword_soaring:rain_screen_sword has no attributes
[09Oct2025 05:20:59.616] [main/ERROR] [net.minecraft.Util/]: Entity sword_soaring:sword has no attributes
[09Oct2025 05:20:59.616] [main/ERROR] [net.minecraft.Util/]: Entity sword_soaring:rain_screen_sword has no attributes
[09Oct2025 05:20:59.616] [main/ERROR] [net.minecraft.Util/]: Entity sword_soaring:sword has no attributes
[09Oct2025 05:20:59.616] [main/ERROR] [net.minecraft.Util/]: Entity sword_soaring:rain_screen_sword has no attributes
[09Oct2025 05:20:59.616] [main/ERROR] [net.minecraft.Util/]: Entity sword_soaring:sword has no attributes
[09Oct2025 05:20:59.616] [main/ERROR] [net.minecraft.Util/]: Entity sword_soaring:rain_screen_sword has no attributes
[09Oct2025 05:20:59.617] [main/ERROR] [net.minecraft.Util/]: Entity sword_soaring:sword has no attributes
[09Oct2025 05:20:59.621] [main/ERROR] [net.minecraft.Util/]: Entity sword_soaring:rain_screen_sword has no attributes
[09Oct2025 05:20:59.621] [main/ERROR] [net.minecraft.Util/]: Entity sword_soaring:sword has no attributes
[09Oct2025 05:20:59.621] [main/ERROR] [net.minecraft.Util/]: Entity sword_soaring:rain_screen_sword has no attributes
[09Oct2025 05:20:59.621] [main/ERROR] [net.minecraft.Util/]: Entity sword_soaring:sword has no attributes
[09Oct2025 05:20:59.626] [main/ERROR] [net.minecraft.Util/]: Entity sword_soaring:rain_screen_sword has no attributes
[09Oct2025 05:20:59.626] [main/ERROR] [net.minecraft.Util/]: Entity sword_soaring:sword has no attributes
[09Oct2025 05:20:59.626] [main/ERROR] [net.minecraft.Util/]: Entity sword_soaring:rain_screen_sword has no attributes
[09Oct2025 05:20:59.626] [main/ERROR] [net.minecraft.Util/]: Entity sword_soaring:sword has no attributes
[09Oct2025 05:20:59.626] [main/ERROR] [net.minecraft.Util/]: Entity sword_soaring:rain_screen_sword has no attributes
[09Oct2025 05:20:59.627] [main/ERROR] [net.minecraft.Util/]: Entity sword_soaring:sword has no attributes
[09Oct2025 05:20:59.627] [main/ERROR] [net.minecraft.Util/]: Entity sword_soaring:rain_screen_sword has no attributes
[09Oct2025 05:20:59.627] [main/ERROR] [net.minecraft.Util/]: Entity sword_soaring:sword has no attributes
[09Oct2025 05:20:59.627] [main/ERROR] [net.minecraft.Util/]: Entity sword_soaring:rain_screen_sword has no attributes
[09Oct2025 05:20:59.627] [main/ERROR] [net.minecraft.Util/]: Entity sword_soaring:sword has no attributes
[09Oct2025 05:20:59.627] [main/ERROR] [net.minecraft.Util/]: Entity sword_soaring:rain_screen_sword has no attributes
[09Oct2025 05:20:59.628] [main/ERROR] [net.minecraft.Util/]: Entity sword_soaring:sword has no attributes
[09Oct2025 05:20:59.628] [main/ERROR] [net.minecraft.Util/]: Entity sword_soaring:rain_screen_sword has no attributes
[09Oct2025 05:20:59.628] [main/ERROR] [net.minecraft.Util/]: Entity sword_soaring:sword has no attributes
[09Oct2025 05:20:59.628] [main/ERROR] [net.minecraft.Util/]: Entity sword_soaring:rain_screen_sword has no attributes
[09Oct2025 05:20:59.628] [main/ERROR] [net.minecraft.Util/]: Entity sword_soaring:sword has no attributes
[09Oct2025 05:20:59.629] [main/ERROR] [net.minecraft.Util/]: Entity sword_soaring:rain_screen_sword has no attributes
[09Oct2025 05:20:59.632] [main/ERROR] [net.minecraft.Util/]: Entity sword_soaring:sword has no attributes
[09Oct2025 05:20:59.632] [main/ERROR] [net.minecraft.Util/]: Entity sword_soaring:rain_screen_sword has no attributes
[09Oct2025 05:20:59.632] [main/ERROR] [net.minecraft.Util/]: Entity sword_soaring:sword has no attributes
[09Oct2025 05:20:59.633] [main/ERROR] [net.minecraft.Util/]: Entity sword_soaring:rain_screen_sword has no attributes
[09Oct2025 05:20:59.633] [main/ERROR] [net.minecraft.Util/]: Entity sword_soaring:sword has no attributes
[09Oct2025 05:20:59.633] [main/ERROR] [net.minecraft.Util/]: Entity sword_soaring:rain_screen_sword has no attributes
[09Oct2025 05:20:59.633] [main/ERROR] [net.minecraft.Util/]: Entity sword_soaring:sword has no attributes
[09Oct2025 05:20:59.633] [main/ERROR] [net.minecraft.Util/]: Entity sword_soaring:rain_screen_sword has no attributes
[09Oct2025 05:20:59.633] [main/ERROR] [net.minecraft.Util/]: Entity sword_soaring:sword has no attributes
[09Oct2025 05:20:59.636] [main/ERROR] [net.minecraft.Util/]: Entity sword_soaring:rain_screen_sword has no attributes
[09Oct2025 05:20:59.636] [main/ERROR] [net.minecraft.Util/]: Entity sword_soaring:sword has no attributes
[09Oct2025 05:20:59.636] [main/ERROR] [net.minecraft.Util/]: Entity sword_soaring:rain_screen_sword has no attributes
[09Oct2025 05:20:59.636] [main/ERROR] [net.minecraft.Util/]: Entity sword_soaring:sword has no attributes
[09Oct2025 05:20:59.636] [main/ERROR] [net.minecraft.Util/]: Entity sword_soaring:rain_screen_sword has no attributes
[09Oct2025 05:20:59.638] [main/ERROR] [net.minecraft.Util/]: Entity sword_soaring:sword has no attributes
[09Oct2025 05:20:59.638] [main/ERROR] [net.minecraft.Util/]: Entity sword_soaring:rain_screen_sword has no attributes
[09Oct2025 05:20:59.641] [main/ERROR] [net.minecraft.Util/]: Entity sword_soaring:sword has no attributes
[09Oct2025 05:20:59.641] [main/ERROR] [net.minecraft.Util/]: Entity sword_soaring:rain_screen_sword has no attributes
[09Oct2025 05:20:59.641] [main/ERROR] [net.minecraft.Util/]: Entity sword_soaring:sword has no attributes
[09Oct2025 05:20:59.641] [main/ERROR] [net.minecraft.Util/]: Entity sword_soaring:rain_screen_sword has no attributes
[09Oct2025 05:20:59.642] [main/ERROR] [net.minecraft.Util/]: Entity sword_soaring:sword has no attributes
[09Oct2025 05:20:59.642] [main/ERROR] [net.minecraft.Util/]: Entity sword_soaring:rain_screen_sword has no attributes
[09Oct2025 05:20:59.642] [main/ERROR] [net.minecraft.Util/]: Entity sword_soaring:sword has no attributes
[09Oct2025 05:20:59.642] [main/ERROR] [net.minecraft.Util/]: Entity sword_soaring:rain_screen_sword has no attributes
[09Oct2025 05:20:59.642] [main/ERROR] [net.minecraft.Util/]: Entity sword_soaring:sword has no attributes
[09Oct2025 05:20:59.642] [main/ERROR] [net.minecraft.Util/]: Entity sword_soaring:rain_screen_sword has no attributes
[09Oct2025 05:20:59.643] [main/ERROR] [net.minecraft.Util/]: Entity sword_soaring:sword has no attributes
[09Oct2025 05:20:59.646] [main/ERROR] [net.minecraft.Util/]: Entity sword_soaring:rain_screen_sword has no attributes
[09Oct2025 05:20:59.646] [main/ERROR] [net.minecraft.Util/]: Entity sword_soaring:sword has no attributes
[09Oct2025 05:20:59.646] [main/ERROR] [net.minecraft.Util/]: Entity sword_soaring:rain_screen_sword has no attributes
[09Oct2025 05:20:59.646] [main/ERROR] [net.minecraft.Util/]: Entity sword_soaring:sword has no attributes
[09Oct2025 05:20:59.647] [main/ERROR] [net.minecraft.Util/]: Entity sword_soaring:rain_screen_sword has no attributes
[09Oct2025 05:20:59.648] [main/ERROR] [net.minecraft.Util/]: Entity sword_soaring:sword has no attributes
[09Oct2025 05:20:59.648] [main/ERROR] [net.minecraft.Util/]: Entity sword_soaring:rain_screen_sword has no attributes
[09Oct2025 05:20:59.648] [main/ERROR] [net.minecraft.Util/]: Entity sword_soaring:sword has no attributes
[09Oct2025 05:20:59.648] [main/ERROR] [net.minecraft.Util/]: Entity sword_soaring:rain_screen_sword has no attributes
[09Oct2025 05:20:59.649] [main/ERROR] [net.minecraft.Util/]: Entity sword_soaring:sword has no attributes
[09Oct2025 05:20:59.652] [main/ERROR] [net.minecraft.Util/]: Entity sword_soaring:rain_screen_sword has no attributes
[09Oct2025 05:20:59.652] [main/ERROR] [net.minecraft.Util/]: Entity sword_soaring:sword has no attributes
[09Oct2025 05:20:59.652] [main/ERROR] [net.minecraft.Util/]: Entity sword_soaring:rain_screen_sword has no attributes
[09Oct2025 05:20:59.652] [main/ERROR] [net.minecraft.Util/]: Entity sword_soaring:sword has no attributes
[09Oct2025 05:20:59.653] [main/ERROR] [net.minecraft.Util/]: Entity sword_soaring:rain_screen_sword has no attributes
[09Oct2025 05:20:59.653] [main/ERROR] [net.minecraft.Util/]: Entity sword_soaring:sword has no attributes
[09Oct2025 05:20:59.654] [main/ERROR] [net.minecraft.Util/]: Entity sword_soaring:rain_screen_sword has no attributes
[09Oct2025 05:20:59.655] [main/ERROR] [net.minecraft.Util/]: Entity sword_soaring:sword has no attributes
[09Oct2025 05:20:59.655] [main/ERROR] [net.minecraft.Util/]: Entity sword_soaring:rain_screen_sword has no attributes
[09Oct2025 05:20:59.655] [main/ERROR] [net.minecraft.Util/]: Entity sword_soaring:sword has no attributes
[09Oct2025 05:20:59.658] [main/ERROR] [net.minecraft.Util/]: Entity sword_soaring:rain_screen_sword has no attributes
[09Oct2025 05:20:59.658] [main/ERROR] [net.minecraft.Util/]: Entity sword_soaring:sword has no attributes
[09Oct2025 05:20:59.658] [main/ERROR] [net.minecraft.Util/]: Entity sword_soaring:rain_screen_sword has no attributes
[09Oct2025 05:20:59.659] [main/ERROR] [net.minecraft.Util/]: Entity sword_soaring:sword has no attributes
[09Oct2025 05:20:59.659] [main/ERROR] [net.minecraft.Util/]: Entity sword_soaring:rain_screen_sword has no attributes
[09Oct2025 05:20:59.659] [main/ERROR] [net.minecraft.Util/]: Entity sword_soaring:sword has no attributes
[09Oct2025 05:20:59.659] [main/ERROR] [net.minecraft.Util/]: Entity sword_soaring:rain_screen_sword has no attributes
[09Oct2025 05:20:59.659] [main/ERROR] [net.minecraft.Util/]: Entity sword_soaring:sword has no attributes
[09Oct2025 05:20:59.660] [main/ERROR] [net.minecraft.Util/]: Entity sword_soaring:rain_screen_sword has no attributes
[09Oct2025 05:20:59.660] [main/ERROR] [net.minecraft.Util/]: Entity sword_soaring:sword has no attributes
[09Oct2025 05:20:59.663] [main/ERROR] [net.minecraft.Util/]: Entity sword_soaring:rain_screen_sword has no attributes
[09Oct2025 05:20:59.663] [main/ERROR] [net.minecraft.Util/]: Entity sword_soaring:sword has no attributes
[09Oct2025 05:20:59.663] [main/ERROR] [net.minecraft.Util/]: Entity sword_soaring:rain_screen_sword has no attributes
[09Oct2025 05:20:59.663] [main/ERROR] [net.minecraft.Util/]: Entity sword_soaring:sword has no attributes
[09Oct2025 05:20:59.664] [main/ERROR] [net.minecraft.Util/]: Entity sword_soaring:rain_screen_sword has no attributes
[09Oct2025 05:20:59.664] [main/ERROR] [net.minecraft.Util/]: Entity sword_soaring:sword has no attributes
[09Oct2025 05:20:59.667] [main/ERROR] [net.minecraft.Util/]: Entity sword_soaring:rain_screen_sword has no attributes
[09Oct2025 05:20:59.667] [main/ERROR] [net.minecraft.Util/]: Entity sword_soaring:sword has no attributes
[09Oct2025 05:20:59.667] [main/ERROR] [net.minecraft.Util/]: Entity sword_soaring:rain_screen_sword has no attributes
[09Oct2025 05:20:59.668] [main/ERROR] [net.minecraft.Util/]: Entity sword_soaring:sword has no attributes
[09Oct2025 05:20:59.668] [main/ERROR] [net.minecraft.Util/]: Entity sword_soaring:rain_screen_sword has no attributes
[09Oct2025 05:20:59.668] [main/ERROR] [net.minecraft.Util/]: Entity sword_soaring:sword has no attributes
[09Oct2025 05:20:59.668] [main/ERROR] [net.minecraft.Util/]: Entity sword_soaring:rain_screen_sword has no attributes
[09Oct2025 05:21:00.202] [main/WARN] [net.minecraft.server.packs.VanillaPackResources/]: Assets URL 'union:/workspaces/astral/servidor_minecraft/libraries/net/minecraft/server/1.18.2-20220404.173914/server-1.18.2-20220404.173914-srg.jar%23303!/assets/.mcassetsroot' uses unexpected schema
[09Oct2025 05:21:00.202] [main/WARN] [net.minecraft.server.packs.VanillaPackResources/]: Assets URL 'union:/workspaces/astral/servidor_minecraft/libraries/net/minecraft/server/1.18.2-20220404.173914/server-1.18.2-20220404.173914-srg.jar%23303!/data/.mcassetsroot' uses unexpected schema
[09Oct2025 05:21:00.694] [main/INFO] [com.ordana.immersive_weathering.ImmersiveWeathering/]: Generated runtime SERVER_DATA for pack Immersive Weathering Generated Pack in: 49 ms
[09Oct2025 05:21:00.739] [main/INFO] [net.mehvahdjukaar.supplementaries.Supplementaries/]: Generated runtime SERVER_DATA for pack Supplementaries Generated Pack in: 44 ms
[09Oct2025 05:21:08.966] [main/INFO] [net.minecraftforge.coremod.CoreMod.apotheosis/COREMODLOG]: Replaced 2 calls to Enchantment#getMaxLevel() in net/minecraft/server/commands/EnchantCommand
[09Oct2025 05:21:09.432] [main/INFO] [APTweaks(Core)/]: Registering /aptweaks commands for Adaptive Performance Tweaks: Core ...
[09Oct2025 05:21:09.643] [main/INFO] [APTweaks(Items)/]: Registering /aptweaks commands for Adaptive Performance Tweaks: Items ...
[09Oct2025 05:21:09.877] [main/INFO] [FTB Ranks/]: Loading command nodes...
[09Oct2025 05:21:09.994] [main/INFO] [FTB Ranks/]: Loaded 2345 command nodes
[09Oct2025 05:21:13.343] [Worker-Main-5/INFO] [net.minecraft.world.item.crafting.RecipeManager/]: Skipping loading recipe supplementaries:lead_lantern as it's serializer returned null
[09Oct2025 05:21:13.366] [Worker-Main-5/INFO] [net.minecraft.world.item.crafting.RecipeManager/]: Skipping loading recipe supplementaries:inspirations/blackboard_clear as it's serializer returned null
[09Oct2025 05:21:13.439] [Worker-Main-5/INFO] [net.minecraft.world.item.crafting.RecipeManager/]: Skipping loading recipe supplementaries:inspirations/flag_dye as it's serializer returned null
[09Oct2025 05:21:13.468] [Worker-Main-5/WARN] [quark/]: Non-existant flag stone_pavement being used
[09Oct2025 05:21:13.525] [Worker-Main-5/WARN] [quark/]: Non-existant flag stone_pavement being used
[09Oct2025 05:21:13.567] [Worker-Main-5/INFO] [net.minecraft.world.item.crafting.RecipeManager/]: Skipping loading recipe supplementaries:spiky_bomb_2 as it's serializer returned null
[09Oct2025 05:21:13.583] [Worker-Main-5/INFO] [net.minecraft.world.item.crafting.RecipeManager/]: Skipping loading recipe miningmaster:forging/kinetic_tongue_whip as it's serializer returned null
[09Oct2025 05:21:13.628] [Worker-Main-5/INFO] [net.minecraft.world.item.crafting.RecipeManager/]: Skipping loading recipe supplementaries:spiky_bomb as it's serializer returned null
[09Oct2025 05:21:13.642] [Worker-Main-5/INFO] [net.minecraft.world.item.crafting.RecipeManager/]: Skipping loading recipe supplementaries:lead_trapdoor as it's serializer returned null
[09Oct2025 05:21:13.643] [Worker-Main-5/INFO] [net.minecraft.world.item.crafting.RecipeManager/]: Skipping loading recipe supplementaries:silver_door as it's serializer returned null
[09Oct2025 05:21:13.682] [Worker-Main-5/WARN] [quark/]: Non-existant flag stone_pavement being used
[09Oct2025 05:21:13.684] [Worker-Main-5/INFO] [net.minecraft.world.item.crafting.RecipeManager/]: Skipping loading recipe supplementaries:lead_door as it's serializer returned null
[09Oct2025 05:21:13.729] [Worker-Main-5/INFO] [net.minecraft.world.item.crafting.RecipeManager/]: Skipping loading recipe supplementaries:silver_trapdoor as it's serializer returned null
[09Oct2025 05:21:13.731] [Worker-Main-5/INFO] [net.minecraft.world.item.crafting.RecipeManager/]: Skipping loading recipe supplementaries:inspirations/flag_clear as it's serializer returned null
[09Oct2025 05:21:13.756] [Worker-Main-5/INFO] [net.minecraft.world.item.crafting.RecipeManager/]: Skipping loading recipe supplementaries:silver_lantern as it's serializer returned null
[09Oct2025 05:21:13.870] [Worker-Main-5/INFO] [net.minecraft.world.item.crafting.RecipeManager/]: Loaded 32 recipes
[09Oct2025 05:21:13.906] [Worker-Main-5/INFO] [com.teamabnormals.blueprint.core.Blueprint/]: Loot Modification Manager has loaded 5 modifier groups
[09Oct2025 05:21:15.669] [Worker-Main-5/WARN] [net.minecraft.world.level.storage.loot.LootTables/]: Found validation problem in {simple_mobs:entities/vampire}.pools[0].entries[1].functions[1]: Parameters [<parameter minecraft:tool>] are not provided in this context
[09Oct2025 05:21:15.670] [Worker-Main-5/WARN] [net.minecraft.world.level.storage.loot.LootTables/]: Found validation problem in {undead_revamp2:entities/slaveman}.pools[3].entries[0].functions[1]: Parameters [<parameter minecraft:tool>] are not provided in this context
[09Oct2025 05:21:15.670] [Worker-Main-5/WARN] [net.minecraft.world.level.storage.loot.LootTables/]: Found validation problem in {netherskeletons:entities/warped_skeleton}.pools[0].entries[0].functions[1]: Parameters [<parameter minecraft:tool>] are not provided in this context
[09Oct2025 05:21:15.670] [Worker-Main-5/WARN] [net.minecraft.world.level.storage.loot.LootTables/]: Found validation problem in {simple_mobs:entities/imp_range}.pools[0].entries[0].functions[1]: Parameters [<parameter minecraft:tool>] are not provided in this context
[09Oct2025 05:21:15.670] [Worker-Main-5/WARN] [net.minecraft.world.level.storage.loot.LootTables/]: Found validation problem in {simple_mobs:entities/imp_melee}.pools[0].entries[0].functions[1]: Parameters [<parameter minecraft:tool>] are not provided in this context
[09Oct2025 05:21:15.671] [Worker-Main-5/WARN] [net.minecraft.world.level.storage.loot.LootTables/]: Found validation problem in {simple_mobs:entities/skeleton_demon}.pools[0].entries[0].functions[1]: Parameters [<parameter minecraft:tool>] are not provided in this context
[09Oct2025 05:21:15.671] [Worker-Main-5/WARN] [net.minecraft.world.level.storage.loot.LootTables/]: Found validation problem in {netherskeletons:entities/crimson_skeleton}.pools[0].entries[1].functions[1]: Parameters [<parameter minecraft:tool>] are not provided in this context
[09Oct2025 05:21:15.671] [Worker-Main-5/WARN] [net.minecraft.world.level.storage.loot.LootTables/]: Found validation problem in {netherskeletons:entities/crimson_skeleton}.pools[0].entries[0].functions[1]: Parameters [<parameter minecraft:tool>] are not provided in this context
[09Oct2025 05:21:15.671] [Worker-Main-5/WARN] [net.minecraft.world.level.storage.loot.LootTables/]: Found validation problem in {simple_mobs:entities/half_wither_demon}.pools[0].entries[0].functions[1]: Parameters [<parameter minecraft:tool>] are not provided in this context
[09Oct2025 05:21:15.671] [Worker-Main-5/WARN] [net.minecraft.world.level.storage.loot.LootTables/]: Found validation problem in {netherskeletons:entities/skelly_ghast}.pools[0].entries[0].functions[1]: Parameters [<parameter minecraft:tool>] are not provided in this context
[09Oct2025 05:21:15.672] [Worker-Main-5/WARN] [net.minecraft.world.level.storage.loot.LootTables/]: Found validation problem in {pineapple_delight:blocks/pineapple_wild_crop}.pools[0].entries[0]: Unreachable entry!
[09Oct2025 05:21:15.672] [Worker-Main-5/WARN] [net.minecraft.world.level.storage.loot.LootTables/]: Found validation problem in {simple_mobs:entities/half_wither_demon}.pools[1].entries[0].functions[1]: Parameters [<parameter minecraft:tool>] are not provided in this context
[09Oct2025 05:21:15.672] [Worker-Main-5/WARN] [net.minecraft.world.level.storage.loot.LootTables/]: Found validation problem in {simple_mobs:entities/vampire}.pools[0].entries[0].functions[1]: Parameters [<parameter minecraft:tool>] are not provided in this context
[09Oct2025 05:21:15.672] [Worker-Main-5/WARN] [net.minecraft.world.level.storage.loot.LootTables/]: Found validation problem in {simple_mobs:entities/minotaur}.pools[1].entries[0].functions[1]: Parameters [<parameter minecraft:tool>] are not provided in this context
[09Oct2025 05:21:15.672] [Worker-Main-5/WARN] [net.minecraft.world.level.storage.loot.LootTables/]: Found validation problem in {netherskeletons:entities/warped_skeleton}.pools[1].entries[0].functions[1]: Parameters [<parameter minecraft:tool>] are not provided in this context
[09Oct2025 05:21:15.672] [Worker-Main-5/WARN] [net.minecraft.world.level.storage.loot.LootTables/]: Found validation problem in {majruszsdifficulty:undead_army/extra_mob_loot}.pools[0].functions[0]: Parameters [<parameter minecraft:killer_entity>] are not provided in this context
[09Oct2025 05:21:15.679] [Worker-Main-5/INFO] [placebo/]: Registered 22 additional loot tables.
[09Oct2025 05:21:15.684] [Worker-Main-5/INFO] [com.teamabnormals.blueprint.core.Blueprint/]: Skipped modifier named 'savage_and_ravage:adventure/voluntary_exile' as its conditions were not met
[09Oct2025 05:21:15.685] [Worker-Main-5/INFO] [com.teamabnormals.blueprint.core.Blueprint/]: Skipped modifier named 'savage_and_ravage:adventure/voluntary_exile' as its conditions were not met
[09Oct2025 05:21:15.689] [Worker-Main-5/INFO] [com.teamabnormals.blueprint.core.Blueprint/]: Advancement Modification Manager has loaded 5 modifier groups
[09Oct2025 05:21:15.988] [Worker-Main-5/INFO] [quark/]: [Automatic Recipe Unlock] Removed 3167 recipe advancements
[09Oct2025 05:21:16.037] [Worker-Main-5/INFO] [net.minecraft.advancements.AdvancementList/]: Loaded 1055 advancements
[09Oct2025 05:21:16.058] [Worker-Main-5/INFO] [placebo/]: Registered 30 additional recipes.
[09Oct2025 05:21:21.326] [Worker-Main-5/INFO] [indestructible/]: [Custom Entity Error] can't find a proper argument for within_distance. [name: min, type: double, default: 0.0]
[09Oct2025 05:21:21.327] [Worker-Main-5/INFO] [indestructible/]: [Custom Entity Error] can't find a proper argument for within_distance. [name: max, type: double, default: 0.0]
[09Oct2025 05:21:21.327] [Worker-Main-5/INFO] [indestructible/]: [Custom Entity Error] can't find a proper argument for within_distance. [name: min, type: double, default: 0.0]
[09Oct2025 05:21:21.327] [Worker-Main-5/INFO] [indestructible/]: [Custom Entity Error] can't find a proper argument for within_distance. [name: max, type: double, default: 0.0]
[09Oct2025 05:21:21.328] [Worker-Main-5/INFO] [indestructible/]: [Custom Entity Error] can't find a proper argument for within_distance. [name: min, type: double, default: 0.0]
[09Oct2025 05:21:21.329] [Worker-Main-5/INFO] [indestructible/]: [Custom Entity Error] can't find a proper argument for within_distance. [name: max, type: double, default: 0.0]
[09Oct2025 05:21:21.330] [Worker-Main-5/INFO] [indestructible/]: [Custom Entity Error] can't find a proper argument for within_distance. [name: min, type: double, default: 0.0]
[09Oct2025 05:21:21.330] [Worker-Main-5/INFO] [indestructible/]: [Custom Entity Error] can't find a proper argument for within_distance. [name: max, type: double, default: 0.0]
[09Oct2025 05:21:21.331] [Worker-Main-5/INFO] [indestructible/]: [Custom Entity Error] can't find a proper argument for within_distance. [name: min, type: double, default: 0.0]
[09Oct2025 05:21:21.331] [Worker-Main-5/INFO] [indestructible/]: [Custom Entity Error] can't find a proper argument for within_distance. [name: max, type: double, default: 0.0]
[09Oct2025 05:21:21.331] [Worker-Main-5/INFO] [indestructible/]: [Custom Entity Error] can't find a proper argument for within_distance. [name: min, type: double, default: 0.0]
[09Oct2025 05:21:21.331] [Worker-Main-5/INFO] [indestructible/]: [Custom Entity Error] can't find a proper argument for within_distance. [name: max, type: double, default: 0.0]
[09Oct2025 05:21:21.338] [Worker-Main-5/INFO] [indestructible/]: [Custom Entity Error] can't find a proper argument for within_distance. [name: min, type: double, default: 0.0]
[09Oct2025 05:21:21.339] [Worker-Main-5/INFO] [indestructible/]: [Custom Entity Error] can't find a proper argument for within_distance. [name: max, type: double, default: 0.0]
[09Oct2025 05:21:21.339] [Worker-Main-5/INFO] [indestructible/]: [Custom Entity Error] can't find a proper argument for stamina. [name: stamina, type: double, default: 0.0F]
[09Oct2025 05:21:21.339] [Worker-Main-5/INFO] [indestructible/]: [Custom Entity Error] can't find a proper argument for within_distance. [name: min, type: double, default: 0.0]
[09Oct2025 05:21:21.339] [Worker-Main-5/INFO] [indestructible/]: [Custom Entity Error] can't find a proper argument for within_distance. [name: max, type: double, default: 0.0]
[09Oct2025 05:21:21.339] [Worker-Main-5/INFO] [indestructible/]: [Custom Entity Error] can't find a proper argument for stamina. [name: stamina, type: double, default: 0.0F]
[09Oct2025 05:21:21.339] [Worker-Main-5/INFO] [indestructible/]: [Custom Entity Error] can't find a proper argument for within_distance. [name: min, type: double, default: 0.0]
[09Oct2025 05:21:21.339] [Worker-Main-5/INFO] [indestructible/]: [Custom Entity Error] can't find a proper argument for within_distance. [name: max, type: double, default: 0.0]
[09Oct2025 05:21:21.339] [Worker-Main-5/INFO] [indestructible/]: [Custom Entity Error] can't find a proper argument for stamina. [name: stamina, type: double, default: 0.0F]
[09Oct2025 05:21:21.339] [Worker-Main-5/INFO] [indestructible/]: [Custom Entity Error] can't find a proper argument for within_distance. [name: min, type: double, default: 0.0]
[09Oct2025 05:21:21.339] [Worker-Main-5/INFO] [indestructible/]: [Custom Entity Error] can't find a proper argument for within_distance. [name: max, type: double, default: 0.0]
[09Oct2025 05:21:21.339] [Worker-Main-5/INFO] [indestructible/]: [Custom Entity Error] can't find a proper argument for stamina. [name: stamina, type: double, default: 0.0F]
[09Oct2025 05:21:21.339] [Worker-Main-5/INFO] [indestructible/]: [Custom Entity Error] can't find a proper argument for within_distance. [name: min, type: double, default: 0.0]
[09Oct2025 05:21:21.339] [Worker-Main-5/INFO] [indestructible/]: [Custom Entity Error] can't find a proper argument for within_distance. [name: max, type: double, default: 0.0]
[09Oct2025 05:21:21.339] [Worker-Main-5/INFO] [indestructible/]: [Custom Entity Error] can't find a proper argument for stamina. [name: stamina, type: double, default: 0.0F]
[09Oct2025 05:21:21.339] [Worker-Main-5/INFO] [indestructible/]: [Custom Entity Error] can't find a proper argument for within_distance. [name: min, type: double, default: 0.0]
[09Oct2025 05:21:21.340] [Worker-Main-5/INFO] [indestructible/]: [Custom Entity Error] can't find a proper argument for within_distance. [name: max, type: double, default: 0.0]
[09Oct2025 05:21:21.340] [Worker-Main-5/INFO] [indestructible/]: [Custom Entity Error] can't find a proper argument for stamina. [name: stamina, type: double, default: 0.0F]
[09Oct2025 05:21:21.340] [Worker-Main-5/INFO] [indestructible/]: [Custom Entity Error] can't find a proper argument for within_distance. [name: min, type: double, default: 0.0]
[09Oct2025 05:21:21.340] [Worker-Main-5/INFO] [indestructible/]: [Custom Entity Error] can't find a proper argument for within_distance. [name: max, type: double, default: 0.0]
[09Oct2025 05:21:21.340] [Worker-Main-5/INFO] [indestructible/]: [Custom Entity Error] can't find a proper argument for within_angle_horizontal. [name: min, type: double, default: 0.0F]
[09Oct2025 05:21:21.341] [Worker-Main-5/INFO] [indestructible/]: [Custom Entity Error] can't find a proper argument for within_angle_horizontal. [name: max, type: double, default: 0.0F]
[09Oct2025 05:21:21.341] [Worker-Main-5/INFO] [indestructible/]: [Custom Entity Error] can't find a proper argument for stamina. [name: stamina, type: double, default: 0.0F]
[09Oct2025 05:21:21.341] [Worker-Main-5/INFO] [indestructible/]: [Custom Entity Error] can't find a proper argument for within_distance. [name: min, type: double, default: 0.0]
[09Oct2025 05:21:21.341] [Worker-Main-5/INFO] [indestructible/]: [Custom Entity Error] can't find a proper argument for within_distance. [name: max, type: double, default: 0.0]
[09Oct2025 05:21:21.341] [Worker-Main-5/INFO] [indestructible/]: [Custom Entity Error] can't find a proper argument for stamina. [name: stamina, type: double, default: 0.0F]
[09Oct2025 05:21:21.341] [Worker-Main-5/INFO] [indestructible/]: [Custom Entity Error] can't find a proper argument for within_distance. [name: min, type: double, default: 0.0]
[09Oct2025 05:21:21.342] [Worker-Main-5/INFO] [indestructible/]: [Custom Entity Error] can't find a proper argument for within_distance. [name: max, type: double, default: 0.0]
[09Oct2025 05:21:21.342] [Worker-Main-5/INFO] [indestructible/]: [Custom Entity Error] can't find a proper argument for within_angle_horizontal. [name: min, type: double, default: 0.0F]
[09Oct2025 05:21:21.342] [Worker-Main-5/INFO] [indestructible/]: [Custom Entity Error] can't find a proper argument for within_angle_horizontal. [name: max, type: double, default: 0.0F]
[09Oct2025 05:21:21.342] [Worker-Main-5/INFO] [indestructible/]: [Custom Entity Error] can't find a proper argument for within_distance. [name: min, type: double, default: 0.0]
[09Oct2025 05:21:21.342] [Worker-Main-5/INFO] [indestructible/]: [Custom Entity Error] can't find a proper argument for within_distance. [name: max, type: double, default: 0.0]
[09Oct2025 05:21:21.342] [Worker-Main-5/INFO] [indestructible/]: [Custom Entity Error] can't find a proper argument for stamina. [name: stamina, type: double, default: 0.0F]
[09Oct2025 05:21:21.342] [Worker-Main-5/INFO] [indestructible/]: [Custom Entity Error] can't find a proper argument for within_distance. [name: min, type: double, default: 0.0]
[09Oct2025 05:21:21.342] [Worker-Main-5/INFO] [indestructible/]: [Custom Entity Error] can't find a proper argument for within_distance. [name: max, type: double, default: 0.0]
[09Oct2025 05:21:21.342] [Worker-Main-5/INFO] [indestructible/]: [Custom Entity Error] can't find a proper argument for stamina. [name: stamina, type: double, default: 0.0F]
[09Oct2025 05:21:21.342] [Worker-Main-5/INFO] [indestructible/]: [Custom Entity Error] can't find a proper argument for within_distance. [name: min, type: double, default: 0.0]
[09Oct2025 05:21:21.342] [Worker-Main-5/INFO] [indestructible/]: [Custom Entity Error] can't find a proper argument for within_distance. [name: max, type: double, default: 0.0]
[09Oct2025 05:21:21.342] [Worker-Main-5/INFO] [indestructible/]: [Custom Entity Error] can't find a proper argument for stamina. [name: stamina, type: double, default: 0.0F]
[09Oct2025 05:21:21.342] [Worker-Main-5/INFO] [indestructible/]: [Custom Entity Error] can't find a proper argument for within_distance. [name: min, type: double, default: 0.0]
[09Oct2025 05:21:21.342] [Worker-Main-5/INFO] [indestructible/]: [Custom Entity Error] can't find a proper argument for within_distance. [name: max, type: double, default: 0.0]
[09Oct2025 05:21:21.342] [Worker-Main-5/INFO] [indestructible/]: [Custom Entity Error] can't find a proper argument for within_distance. [name: min, type: double, default: 0.0]
[09Oct2025 05:21:21.342] [Worker-Main-5/INFO] [indestructible/]: [Custom Entity Error] can't find a proper argument for within_distance. [name: max, type: double, default: 0.0]
[09Oct2025 05:21:21.342] [Worker-Main-5/INFO] [indestructible/]: [Custom Entity Error] can't find a proper argument for stamina. [name: stamina, type: double, default: 0.0F]
[09Oct2025 05:21:21.342] [Worker-Main-5/INFO] [indestructible/]: [Custom Entity Error] can't find a proper argument for within_distance. [name: min, type: double, default: 0.0]
[09Oct2025 05:21:21.342] [Worker-Main-5/INFO] [indestructible/]: [Custom Entity Error] can't find a proper argument for within_distance. [name: max, type: double, default: 0.0]
[09Oct2025 05:21:21.342] [Worker-Main-5/INFO] [indestructible/]: [Custom Entity Error] can't find a proper argument for stamina. [name: stamina, type: double, default: 0.0F]
[09Oct2025 05:21:21.343] [Worker-Main-5/INFO] [indestructible/]: [Custom Entity Error] can't find a proper argument for within_distance. [name: min, type: double, default: 0.0]
[09Oct2025 05:21:21.343] [Worker-Main-5/INFO] [indestructible/]: [Custom Entity Error] can't find a proper argument for within_distance. [name: max, type: double, default: 0.0]
[09Oct2025 05:21:21.343] [Worker-Main-5/INFO] [indestructible/]: [Custom Entity Error] can't find a proper argument for stamina. [name: stamina, type: double, default: 0.0F]
[09Oct2025 05:21:21.343] [Worker-Main-5/INFO] [indestructible/]: [Custom Entity Error] can't find a proper argument for within_distance. [name: min, type: double, default: 0.0]
[09Oct2025 05:21:21.343] [Worker-Main-5/INFO] [indestructible/]: [Custom Entity Error] can't find a proper argument for within_distance. [name: max, type: double, default: 0.0]
[09Oct2025 05:21:21.343] [Worker-Main-5/INFO] [indestructible/]: [Custom Entity Error] can't find a proper argument for stamina. [name: stamina, type: double, default: 0.0F]
[09Oct2025 05:21:21.343] [Worker-Main-5/INFO] [indestructible/]: [Custom Entity Error] can't find a proper argument for within_distance. [name: min, type: double, default: 0.0]
[09Oct2025 05:21:21.343] [Worker-Main-5/INFO] [indestructible/]: [Custom Entity Error] can't find a proper argument for within_distance. [name: max, type: double, default: 0.0]
[09Oct2025 05:21:21.343] [Worker-Main-5/INFO] [indestructible/]: [Custom Entity Error] can't find a proper argument for stamina. [name: stamina, type: double, default: 0.0F]
[09Oct2025 05:21:21.343] [Worker-Main-5/INFO] [indestructible/]: [Custom Entity Error] can't find a proper argument for within_distance. [name: min, type: double, default: 0.0]
[09Oct2025 05:21:21.343] [Worker-Main-5/INFO] [indestructible/]: [Custom Entity Error] can't find a proper argument for within_distance. [name: max, type: double, default: 0.0]
[09Oct2025 05:21:21.343] [Worker-Main-5/INFO] [indestructible/]: [Custom Entity Error] can't find a proper argument for stamina. [name: stamina, type: double, default: 0.0F]
[09Oct2025 05:21:21.343] [Worker-Main-5/INFO] [indestructible/]: [Custom Entity Error] can't find a proper argument for within_distance. [name: min, type: double, default: 0.0]
[09Oct2025 05:21:21.343] [Worker-Main-5/INFO] [indestructible/]: [Custom Entity Error] can't find a proper argument for within_distance. [name: max, type: double, default: 0.0]
[09Oct2025 05:21:21.343] [Worker-Main-5/INFO] [indestructible/]: [Custom Entity Error] can't find a proper argument for stamina. [name: stamina, type: double, default: 0.0F]
[09Oct2025 05:21:21.344] [Worker-Main-5/INFO] [indestructible/]: [Custom Entity Error] can't find a proper argument for within_distance. [name: min, type: double, default: 0.0]
[09Oct2025 05:21:21.344] [Worker-Main-5/INFO] [indestructible/]: [Custom Entity Error] can't find a proper argument for within_distance. [name: min, type: double, default: 0.0]
[09Oct2025 05:21:21.344] [Worker-Main-5/INFO] [indestructible/]: [Custom Entity Error] can't find a proper argument for within_distance. [name: min, type: double, default: 0.0]
[09Oct2025 05:21:21.344] [Worker-Main-5/INFO] [indestructible/]: [Custom Entity Error] can't find a proper argument for within_distance. [name: min, type: double, default: 0.0]
[09Oct2025 05:21:21.344] [Worker-Main-5/INFO] [indestructible/]: [Custom Entity Error] can't find a proper argument for within_distance. [name: min, type: double, default: 0.0]
[09Oct2025 05:21:21.344] [Worker-Main-5/INFO] [indestructible/]: [Custom Entity Error] can't find a proper argument for within_distance. [name: min, type: double, default: 0.0]
[09Oct2025 05:21:21.345] [Worker-Main-5/INFO] [indestructible/]: [Custom Entity Error] can't find a proper argument for within_distance. [name: min, type: double, default: 0.0]
[09Oct2025 05:21:21.345] [Worker-Main-5/INFO] [indestructible/]: [Custom Entity Error] can't find a proper argument for within_distance. [name: min, type: double, default: 0.0]
[09Oct2025 05:21:21.345] [Worker-Main-5/INFO] [indestructible/]: [Custom Entity Error] can't find a proper argument for within_distance. [name: max, type: double, default: 0.0]
[09Oct2025 05:21:21.345] [Worker-Main-5/INFO] [indestructible/]: [Custom Entity Error] can't find a proper argument for within_distance. [name: min, type: double, default: 0.0]
[09Oct2025 05:21:21.345] [Worker-Main-5/INFO] [indestructible/]: [Custom Entity Error] can't find a proper argument for within_distance. [name: max, type: double, default: 0.0]
[09Oct2025 05:21:21.345] [Worker-Main-5/INFO] [indestructible/]: [Custom Entity Error] can't find a proper argument for within_distance. [name: min, type: double, default: 0.0]
[09Oct2025 05:21:21.345] [Worker-Main-5/INFO] [indestructible/]: [Custom Entity Error] can't find a proper argument for within_distance. [name: max, type: double, default: 0.0]
[09Oct2025 05:21:21.345] [Worker-Main-5/INFO] [indestructible/]: [Custom Entity Error] can't find a proper argument for within_distance. [name: min, type: double, default: 0.0]
[09Oct2025 05:21:21.345] [Worker-Main-5/INFO] [indestructible/]: [Custom Entity Error] can't find a proper argument for within_distance. [name: max, type: double, default: 0.0]
[09Oct2025 05:21:21.345] [Worker-Main-5/INFO] [indestructible/]: [Custom Entity Error] can't find a proper argument for within_distance. [name: min, type: double, default: 0.0]
[09Oct2025 05:21:21.345] [Worker-Main-5/INFO] [indestructible/]: [Custom Entity Error] can't find a proper argument for within_distance. [name: max, type: double, default: 0.0]
[09Oct2025 05:21:21.345] [Worker-Main-5/INFO] [indestructible/]: [Custom Entity Error] can't find a proper argument for within_distance. [name: min, type: double, default: 0.0]
[09Oct2025 05:21:21.345] [Worker-Main-5/INFO] [indestructible/]: [Custom Entity Error] can't find a proper argument for within_distance. [name: max, type: double, default: 0.0]
[09Oct2025 05:21:21.345] [Worker-Main-5/INFO] [indestructible/]: [Custom Entity Error] can't find a proper argument for within_distance. [name: min, type: double, default: 0.0]
[09Oct2025 05:21:21.345] [Worker-Main-5/INFO] [indestructible/]: [Custom Entity Error] can't find a proper argument for within_distance. [name: max, type: double, default: 0.0]
[09Oct2025 05:21:21.345] [Worker-Main-5/INFO] [indestructible/]: [Custom Entity Error] can't find a proper argument for within_distance. [name: min, type: double, default: 0.0]
[09Oct2025 05:21:21.345] [Worker-Main-5/INFO] [indestructible/]: [Custom Entity Error] can't find a proper argument for within_distance. [name: max, type: double, default: 0.0]
[09Oct2025 05:21:21.345] [Worker-Main-5/INFO] [indestructible/]: [Custom Entity Error] can't find a proper argument for within_distance. [name: min, type: double, default: 0.0]
[09Oct2025 05:21:21.345] [Worker-Main-5/INFO] [indestructible/]: [Custom Entity Error] can't find a proper argument for within_distance. [name: max, type: double, default: 0.0]
[09Oct2025 05:21:21.345] [Worker-Main-5/INFO] [indestructible/]: [Custom Entity Error] can't find a proper argument for within_distance. [name: min, type: double, default: 0.0]
[09Oct2025 05:21:21.346] [Worker-Main-5/INFO] [indestructible/]: [Custom Entity Error] can't find a proper argument for within_distance. [name: max, type: double, default: 0.0]
[09Oct2025 05:21:21.346] [Worker-Main-5/INFO] [indestructible/]: [Custom Entity Error] can't find a proper argument for within_distance. [name: min, type: double, default: 0.0]
[09Oct2025 05:21:21.346] [Worker-Main-5/INFO] [indestructible/]: [Custom Entity Error] can't find a proper argument for within_distance. [name: max, type: double, default: 0.0]
[09Oct2025 05:21:21.346] [Worker-Main-5/INFO] [indestructible/]: [Custom Entity Error] can't find a proper argument for within_distance. [name: min, type: double, default: 0.0]
[09Oct2025 05:21:21.346] [Worker-Main-5/INFO] [indestructible/]: [Custom Entity Error] can't find a proper argument for within_distance. [name: max, type: double, default: 0.0]
[09Oct2025 05:21:21.346] [Worker-Main-5/INFO] [indestructible/]: [Custom Entity Error] can't find a proper argument for within_distance. [name: min, type: double, default: 0.0]
[09Oct2025 05:21:21.346] [Worker-Main-5/INFO] [indestructible/]: [Custom Entity Error] can't find a proper argument for within_distance. [name: max, type: double, default: 0.0]
[09Oct2025 05:21:21.346] [Worker-Main-5/INFO] [indestructible/]: [Custom Entity Error] can't find a proper argument for within_distance. [name: min, type: double, default: 0.0]
[09Oct2025 05:21:21.346] [Worker-Main-5/INFO] [indestructible/]: [Custom Entity Error] can't find a proper argument for within_distance. [name: max, type: double, default: 0.0]
[09Oct2025 05:21:21.346] [Worker-Main-5/INFO] [indestructible/]: [Custom Entity Error] can't find a proper argument for within_distance. [name: min, type: double, default: 0.0]
[09Oct2025 05:21:21.346] [Worker-Main-5/INFO] [indestructible/]: [Custom Entity Error] can't find a proper argument for within_distance. [name: max, type: double, default: 0.0]
[09Oct2025 05:21:21.346] [Worker-Main-5/INFO] [indestructible/]: [Custom Entity Error] can't find a proper argument for within_distance. [name: min, type: double, default: 0.0]
[09Oct2025 05:21:21.346] [Worker-Main-5/INFO] [indestructible/]: [Custom Entity Error] can't find a proper argument for within_distance. [name: max, type: double, default: 0.0]
[09Oct2025 05:21:21.346] [Worker-Main-5/INFO] [indestructible/]: [Custom Entity Error] can't find a proper argument for within_distance. [name: min, type: double, default: 0.0]
[09Oct2025 05:21:21.346] [Worker-Main-5/INFO] [indestructible/]: [Custom Entity Error] can't find a proper argument for within_distance. [name: max, type: double, default: 0.0]
[09Oct2025 05:21:21.346] [Worker-Main-5/INFO] [indestructible/]: [Custom Entity Error] can't find a proper argument for within_distance. [name: min, type: double, default: 0.0]
[09Oct2025 05:21:21.346] [Worker-Main-5/INFO] [indestructible/]: [Custom Entity Error] can't find a proper argument for within_distance. [name: max, type: double, default: 0.0]
[09Oct2025 05:21:21.346] [Worker-Main-5/INFO] [indestructible/]: [Custom Entity Error] can't find a proper argument for within_distance. [name: min, type: double, default: 0.0]
[09Oct2025 05:21:21.346] [Worker-Main-5/INFO] [indestructible/]: [Custom Entity Error] can't find a proper argument for within_distance. [name: max, type: double, default: 0.0]
[09Oct2025 05:21:21.346] [Worker-Main-5/INFO] [indestructible/]: [Custom Entity Error] can't find a proper argument for within_distance. [name: min, type: double, default: 0.0]
[09Oct2025 05:21:21.347] [Worker-Main-5/INFO] [indestructible/]: [Custom Entity Error] can't find a proper argument for within_distance. [name: max, type: double, default: 0.0]
[09Oct2025 05:21:21.347] [Worker-Main-5/INFO] [indestructible/]: [Custom Entity Error] can't find a proper argument for within_distance. [name: min, type: double, default: 0.0]
[09Oct2025 05:21:21.347] [Worker-Main-5/INFO] [indestructible/]: [Custom Entity Error] can't find a proper argument for within_distance. [name: max, type: double, default: 0.0]
[09Oct2025 05:21:21.347] [Worker-Main-5/INFO] [indestructible/]: [Custom Entity Error] can't find a proper argument for within_distance. [name: min, type: double, default: 0.0]
[09Oct2025 05:21:21.347] [Worker-Main-5/INFO] [indestructible/]: [Custom Entity Error] can't find a proper argument for within_distance. [name: max, type: double, default: 0.0]
[09Oct2025 05:21:21.347] [Worker-Main-5/INFO] [indestructible/]: [Custom Entity Error] can't find a proper argument for within_distance. [name: min, type: double, default: 0.0]
[09Oct2025 05:21:21.347] [Worker-Main-5/INFO] [indestructible/]: [Custom Entity Error] can't find a proper argument for within_distance. [name: max, type: double, default: 0.0]
[09Oct2025 05:21:21.347] [Worker-Main-5/INFO] [indestructible/]: [Custom Entity Error] can't find a proper argument for within_distance. [name: min, type: double, default: 0.0]
[09Oct2025 05:21:21.347] [Worker-Main-5/INFO] [indestructible/]: [Custom Entity Error] can't find a proper argument for within_distance. [name: max, type: double, default: 0.0]
[09Oct2025 05:21:21.347] [Worker-Main-5/INFO] [indestructible/]: [Custom Entity Error] can't find a proper argument for within_distance. [name: min, type: double, default: 0.0]
[09Oct2025 05:21:21.347] [Worker-Main-5/INFO] [indestructible/]: [Custom Entity Error] can't find a proper argument for within_distance. [name: max, type: double, default: 0.0]
[09Oct2025 05:21:21.347] [Worker-Main-5/INFO] [indestructible/]: [Custom Entity Error] can't find a proper argument for within_distance. [name: min, type: double, default: 0.0]
[09Oct2025 05:21:21.347] [Worker-Main-5/INFO] [indestructible/]: [Custom Entity Error] can't find a proper argument for within_distance. [name: max, type: double, default: 0.0]
[09Oct2025 05:21:21.348] [Worker-Main-5/INFO] [Reputation/]: Beginning to read reputation datapack
[09Oct2025 05:21:21.370] [Worker-Main-5/INFO] [Reputation/]: registered faction at location reputation:illager
[09Oct2025 05:21:21.370] [Worker-Main-5/INFO] [Reputation/]: registered faction at location reputation:orcs
[09Oct2025 05:21:21.370] [Worker-Main-5/INFO] [Reputation/]: registered faction at location reputation:villager
[09Oct2025 05:21:21.417] [Worker-Main-5/INFO] [Reputation/]: Read in entity entity.difficultraids.assassin_illager with 1 icon sets
[09Oct2025 05:21:21.418] [Worker-Main-5/INFO] [Reputation/]: Read in entity entity.biomemakeover.cowboy with 2 icon sets
[09Oct2025 05:21:21.418] [Worker-Main-5/INFO] [Reputation/]: Read in entity entity.difficultraids.dart_illager with 1 icon sets
[09Oct2025 05:21:21.418] [Worker-Main-5/INFO] [Reputation/]: Read in entity entity.difficultraids.electro_illager with 2 icon sets
[09Oct2025 05:21:21.418] [Worker-Main-5/INFO] [Reputation/]: Read in entity entity.minecraft.evoker with 2 icon sets
[09Oct2025 05:21:21.418] [Worker-Main-5/INFO] [Reputation/]: Read in entity entity.savage_and_ravage.executioner with 1 icon sets
[09Oct2025 05:21:21.418] [Worker-Main-5/INFO] [Reputation/]: Read in entity entity.difficultraids.frost_illager with 2 icon sets
[09Oct2025 05:21:21.418] [Worker-Main-5/INFO] [Reputation/]: Read in entity entity.savage_and_ravage.griefer with 2 icon sets
[09Oct2025 05:21:21.418] [Worker-Main-5/INFO] [Reputation/]: Read in entity entity.guardvillagers.guard with 2 icon sets
[09Oct2025 05:21:21.418] [Worker-Main-5/INFO] [Reputation/]: Read in entity entity.hunterillager.hunterillager with 2 icon sets
[09Oct2025 05:21:21.418] [Worker-Main-5/INFO] [Reputation/]: Read in entity entity.savage_and_ravage.iceologer with 2 icon sets
[09Oct2025 05:21:21.418] [Worker-Main-5/INFO] [Reputation/]: Read in entity entity.illageandspillage.igniter with 2 icon sets
[09Oct2025 05:21:21.419] [Worker-Main-5/INFO] [Reputation/]: Read in entity entity.illageandspillage.magispeller with 1 icon sets
[09Oct2025 05:21:21.419] [Worker-Main-5/INFO] [Reputation/]: Read in entity entity.difficultraids.modur_elite with 1 icon sets
[09Oct2025 05:21:21.419] [Worker-Main-5/INFO] [Reputation/]: Read in entity entity.difficultraids.necromancer_illager with 1 icon sets
[09Oct2025 05:21:21.423] [Worker-Main-5/INFO] [Reputation/]: Read in entity entity.difficultraids.nuaos_elite with 1 icon sets
[09Oct2025 05:21:21.423] [Worker-Main-5/INFO] [Reputation/]: Read in entity entity.orcz.orcirongroupleader with 2 icon sets
[09Oct2025 05:21:21.423] [Worker-Main-5/INFO] [Reputation/]: Read in entity entity.orcz.orcsavage_2sword with 2 icon sets
[09Oct2025 05:21:21.423] [Worker-Main-5/INFO] [Reputation/]: Read in entity entity.orcz.orcsavage_2swordiron with 2 icon sets
[09Oct2025 05:21:21.423] [Worker-Main-5/INFO] [Reputation/]: Read in entity entity.orcz.orcsavagegroupleader with 2 icon sets
[09Oct2025 05:21:21.423] [Worker-Main-5/INFO] [Reputation/]: Read in entity entity.orcz.orcsavagemace with 2 icon sets
[09Oct2025 05:21:21.423] [Worker-Main-5/INFO] [Reputation/]: Read in entity entity.orcz.orcsavagemaceiron with 2 icon sets
[09Oct2025 05:21:21.423] [Worker-Main-5/INFO] [Reputation/]: Read in entity entity.orcz.orcshield with 2 icon sets
[09Oct2025 05:21:21.424] [Worker-Main-5/INFO] [Reputation/]: Read in entity entity.orcz.orcshieldiron with 2 icon sets
[09Oct2025 05:21:21.424] [Worker-Main-5/INFO] [Reputation/]: Read in entity entity.minecraft.pillager with 2 icon sets
[09Oct2025 05:21:21.424] [Worker-Main-5/INFO] [Reputation/]: Read in entity entity.quest_giver.quest_guard_villager with 2 icon sets
[09Oct2025 05:21:21.424] [Worker-Main-5/INFO] [Reputation/]: Read in entity entity.quest_giver.quest_villager with 1 icon sets
[09Oct2025 05:21:21.424] [Worker-Main-5/INFO] [Reputation/]: Read in entity entity.orcz.savageorc with 2 icon sets
[09Oct2025 05:21:21.424] [Worker-Main-5/INFO] [Reputation/]: Read in entity entity.orcz.savageorciron with 2 icon sets
[09Oct2025 05:21:21.424] [Worker-Main-5/INFO] [Reputation/]: Read in entity entity.difficultraids.shaman_illager with 1 icon sets
[09Oct2025 05:21:21.424] [Worker-Main-5/INFO] [Reputation/]: Read in entity entity.difficultraids.tank_illager with 2 icon sets
[09Oct2025 05:21:21.424] [Worker-Main-5/INFO] [Reputation/]: Read in entity null with 0 icon sets
[09Oct2025 05:21:21.424] [Worker-Main-5/INFO] [Reputation/]: Read in entity entity.minecraft.villager with 1 icon sets
[09Oct2025 05:21:21.424] [Worker-Main-5/INFO] [Reputation/]: Read in entity entity.minecraft.vindicator with 2 icon sets
[09Oct2025 05:21:21.425] [Worker-Main-5/INFO] [Reputation/]: Successfully attached 34 files to the chat icon data map
[09Oct2025 05:21:21.431] [Worker-Main-5/INFO] [Reputation/]: Adding attribute to entity minecraft:villager with custom standing bad
[09Oct2025 05:21:21.431] [Worker-Main-5/INFO] [Reputation/]: Adding attribute to entity quest_giver:quest_villager with custom standing bad
[09Oct2025 05:21:21.431] [Worker-Main-5/INFO] [Reputation/]: Adding attribute to entity guardvillagers:guard with custom standing bad
[09Oct2025 05:21:21.431] [Worker-Main-5/INFO] [Reputation/]: Adding attribute to entity minecraft:iron_golem with custom standing bad
[09Oct2025 05:21:21.431] [Worker-Main-5/INFO] [Reputation/]: Adding attribute to entity quest_giver:quest_guard_villager with custom standing bad
[09Oct2025 05:21:21.431] [Worker-Main-5/INFO] [Reputation/]: Adding attribute to entity minecraft:villager with custom standing neutral
[09Oct2025 05:21:21.431] [Worker-Main-5/INFO] [Reputation/]: Adding attribute to entity quest_giver:quest_villager with custom standing neutral
[09Oct2025 05:21:21.432] [Worker-Main-5/INFO] [Reputation/]: Adding items to the currency set: [0] minecraft:gold_ingot [1] minecraft:emerald [2] minecraft:lapis_lazuli
[09Oct2025 05:21:21.433] [Worker-Main-5/INFO] [Reputation/]: Beginning to read reputation datapack
[09Oct2025 05:21:21.479] [Worker-Main-5/INFO] [Reputation/]: Read in entity entity.difficultraids.assassin_illager with 1 icon sets
[09Oct2025 05:21:21.479] [Worker-Main-5/INFO] [Reputation/]: Read in entity entity.biomemakeover.cowboy with 2 icon sets
[09Oct2025 05:21:21.479] [Worker-Main-5/INFO] [Reputation/]: Read in entity entity.difficultraids.dart_illager with 1 icon sets
[09Oct2025 05:21:21.479] [Worker-Main-5/INFO] [Reputation/]: Read in entity entity.difficultraids.electro_illager with 2 icon sets
[09Oct2025 05:21:21.479] [Worker-Main-5/INFO] [Reputation/]: Read in entity entity.minecraft.evoker with 2 icon sets
[09Oct2025 05:21:21.480] [Worker-Main-5/INFO] [Reputation/]: Read in entity entity.savage_and_ravage.executioner with 1 icon sets
[09Oct2025 05:21:21.480] [Worker-Main-5/INFO] [Reputation/]: Read in entity entity.difficultraids.frost_illager with 2 icon sets
[09Oct2025 05:21:21.480] [Worker-Main-5/INFO] [Reputation/]: Read in entity entity.savage_and_ravage.griefer with 2 icon sets
[09Oct2025 05:21:21.480] [Worker-Main-5/INFO] [Reputation/]: Read in entity entity.guardvillagers.guard with 2 icon sets
[09Oct2025 05:21:21.480] [Worker-Main-5/INFO] [Reputation/]: Read in entity entity.hunterillager.hunterillager with 2 icon sets
[09Oct2025 05:21:21.480] [Worker-Main-5/INFO] [Reputation/]: Read in entity entity.savage_and_ravage.iceologer with 2 icon sets
[09Oct2025 05:21:21.481] [Worker-Main-5/INFO] [Reputation/]: Read in entity entity.illageandspillage.igniter with 2 icon sets
[09Oct2025 05:21:21.481] [Worker-Main-5/INFO] [Reputation/]: Read in entity entity.illageandspillage.magispeller with 1 icon sets
[09Oct2025 05:21:21.481] [Worker-Main-5/INFO] [Reputation/]: Read in entity entity.difficultraids.modur_elite with 1 icon sets
[09Oct2025 05:21:21.481] [Worker-Main-5/INFO] [Reputation/]: Read in entity entity.difficultraids.necromancer_illager with 1 icon sets
[09Oct2025 05:21:21.481] [Worker-Main-5/INFO] [Reputation/]: Read in entity entity.difficultraids.nuaos_elite with 1 icon sets
[09Oct2025 05:21:21.481] [Worker-Main-5/INFO] [Reputation/]: Read in entity entity.orcz.orcirongroupleader with 2 icon sets
[09Oct2025 05:21:21.481] [Worker-Main-5/INFO] [Reputation/]: Read in entity entity.orcz.orcsavage_2sword with 2 icon sets
[09Oct2025 05:21:21.481] [Worker-Main-5/INFO] [Reputation/]: Read in entity entity.orcz.orcsavage_2swordiron with 2 icon sets
[09Oct2025 05:21:21.481] [Worker-Main-5/INFO] [Reputation/]: Read in entity entity.orcz.orcsavagegroupleader with 2 icon sets
[09Oct2025 05:21:21.481] [Worker-Main-5/INFO] [Reputation/]: Read in entity entity.orcz.orcsavagemace with 2 icon sets
[09Oct2025 05:21:21.481] [Worker-Main-5/INFO] [Reputation/]: Read in entity entity.orcz.orcsavagemaceiron with 2 icon sets
[09Oct2025 05:21:21.482] [Worker-Main-5/INFO] [Reputation/]: Read in entity entity.orcz.orcshield with 2 icon sets
[09Oct2025 05:21:21.482] [Worker-Main-5/INFO] [Reputation/]: Read in entity entity.orcz.orcshieldiron with 2 icon sets
[09Oct2025 05:21:21.482] [Worker-Main-5/INFO] [Reputation/]: Read in entity entity.minecraft.pillager with 2 icon sets
[09Oct2025 05:21:21.482] [Worker-Main-5/INFO] [Reputation/]: Read in entity entity.quest_giver.quest_guard_villager with 2 icon sets
[09Oct2025 05:21:21.482] [Worker-Main-5/INFO] [Reputation/]: Read in entity entity.quest_giver.quest_villager with 1 icon sets
[09Oct2025 05:21:21.482] [Worker-Main-5/INFO] [Reputation/]: Read in entity entity.orcz.savageorc with 2 icon sets
[09Oct2025 05:21:21.482] [Worker-Main-5/INFO] [Reputation/]: Read in entity entity.orcz.savageorciron with 2 icon sets
[09Oct2025 05:21:21.482] [Worker-Main-5/INFO] [Reputation/]: Read in entity entity.difficultraids.shaman_illager with 1 icon sets
[09Oct2025 05:21:21.482] [Worker-Main-5/INFO] [Reputation/]: Read in entity entity.difficultraids.tank_illager with 2 icon sets
[09Oct2025 05:21:21.482] [Worker-Main-5/INFO] [Reputation/]: Read in entity null with 0 icon sets
[09Oct2025 05:21:21.482] [Worker-Main-5/INFO] [Reputation/]: Read in entity entity.minecraft.villager with 1 icon sets
[09Oct2025 05:21:21.482] [Worker-Main-5/INFO] [Reputation/]: Read in entity entity.minecraft.vindicator with 2 icon sets
[09Oct2025 05:21:21.482] [Worker-Main-5/INFO] [Reputation/]: Successfully attached 34 files to the chat icon data map
[09Oct2025 05:21:21.483] [Worker-Main-5/INFO] [Reputation/]: Adding attribute to entity minecraft:villager with custom standing bad
[09Oct2025 05:21:21.483] [Worker-Main-5/INFO] [Reputation/]: Adding attribute to entity quest_giver:quest_villager with custom standing bad
[09Oct2025 05:21:21.483] [Worker-Main-5/INFO] [Reputation/]: Adding attribute to entity guardvillagers:guard with custom standing bad
[09Oct2025 05:21:21.485] [Worker-Main-5/INFO] [Reputation/]: Adding attribute to entity minecraft:iron_golem with custom standing bad
[09Oct2025 05:21:21.485] [Worker-Main-5/INFO] [Reputation/]: Adding attribute to entity quest_giver:quest_guard_villager with custom standing bad
[09Oct2025 05:21:21.485] [Worker-Main-5/INFO] [Reputation/]: Adding attribute to entity minecraft:villager with custom standing neutral
[09Oct2025 05:21:21.486] [Worker-Main-5/INFO] [Reputation/]: Adding attribute to entity quest_giver:quest_villager with custom standing neutral
[09Oct2025 05:21:21.486] [Worker-Main-5/INFO] [Reputation/]: Adding items to the currency set: [0] minecraft:gold_ingot [1] minecraft:emerald [2] minecraft:lapis_lazuli
[09Oct2025 05:21:21.537] [Worker-Main-5/ERROR] [com.craisinlord.integrated_api.IntegratedAPI/]: Error: Found waystones:village/common/waystone entry has a condition that does not exist.
[09Oct2025 05:21:21.539] [Worker-Main-5/ERROR] [com.craisinlord.integrated_api.IntegratedAPI/]: Error: Found waystones:village/common/waystone entry has a condition that does not exist.
[09Oct2025 05:21:21.539] [Worker-Main-5/ERROR] [com.craisinlord.integrated_api.IntegratedAPI/]: Error: Found waystones:village/common/waystone entry has a condition that does not exist.
[09Oct2025 05:21:21.539] [Worker-Main-5/ERROR] [com.craisinlord.integrated_api.IntegratedAPI/]: Error: Found waystones:village/common/waystone entry has a condition that does not exist.
[09Oct2025 05:21:21.540] [Worker-Main-5/ERROR] [com.craisinlord.integrated_api.IntegratedAPI/]: Error: Found waystones:village/common/waystone entry has a condition that does not exist.
[09Oct2025 05:21:21.540] [Worker-Main-5/ERROR] [com.craisinlord.integrated_api.IntegratedAPI/]: Error: Found waystones:village/desert/waystone entry has a condition that does not exist.
[09Oct2025 05:21:21.540] [Worker-Main-5/ERROR] [com.craisinlord.integrated_api.IntegratedAPI/]: Error: Found waystones:village/common/waystone entry has a condition that does not exist.
[09Oct2025 05:21:21.540] [Worker-Main-5/ERROR] [com.craisinlord.integrated_api.IntegratedAPI/]: Error: Found waystones:village/common/waystone entry has a condition that does not exist.
[09Oct2025 05:21:21.540] [Worker-Main-5/ERROR] [com.craisinlord.integrated_api.IntegratedAPI/]: Error: Found waystones:village/common/waystone entry has a condition that does not exist.
[09Oct2025 05:21:21.610] [Worker-Main-5/WARN] [epicfight/]: Skill impactful:hit_stop not exists
[09Oct2025 05:21:21.715] [Worker-Main-5/WARN] [epicfight/]: [Custom Entity] Entity named restored_earth:bouldering_drowned does not exist
[09Oct2025 05:21:21.715] [Worker-Main-5/WARN] [epicfight/]: [Custom Entity] Entity named restored_earth:stray_bone_spider does not exist
[09Oct2025 05:21:21.728] [Worker-Main-5/WARN] [epicfight/]: [Custom Entity] Entity named epicsoulsbosses:gael does not exist
[09Oct2025 05:21:21.733] [Worker-Main-5/WARN] [epicfight/]: [Custom Entity] Entity named restored_earth:lobber_drowned does not exist
[09Oct2025 05:21:21.794] [Worker-Main-5/WARN] [epicfight/]: [Custom Entity] Entity named plus_the_end:ender_skeleton does not exist
[09Oct2025 05:21:21.861] [Worker-Main-5/INFO] [ModdingLegacy/blue_skies/SkiesDataManager/]: Loaded 8 tool_handle_types
[09Oct2025 05:21:21.865] [Worker-Main-5/INFO] [ModdingLegacy/blue_skies/SkiesDataManager/]: Loaded 37 snowcap_oven_freezing_recipes
[09Oct2025 05:21:21.865] [Worker-Main-5/INFO] [ModdingLegacy/blue_skies/SkiesDataManager/]: Loaded 7 horizonite_forge_fuels
[09Oct2025 05:21:21.866] [Worker-Main-5/INFO] [ModdingLegacy/blue_skies/SkiesDataManager/]: Loaded 12 snowcap_mushroom_freezing
[09Oct2025 05:21:21.908] [Worker-Main-5/INFO] [ModdingLegacy/blue_skies/SkiesDataManager/]: Loaded 70 alchemy_recipes
[09Oct2025 05:21:21.913] [Worker-Main-5/INFO] [ModdingLegacy/blue_skies/SkiesDataManager/]: Loaded 81 journal/entries
[09Oct2025 05:21:21.913] [Worker-Main-5/INFO] [ModdingLegacy/blue_skies/SkiesDataManager/]: Loaded 3 journal/sections
[09Oct2025 05:21:21.913] [Worker-Main-5/INFO] [ModdingLegacy/blue_skies/SkiesDataManager/]: Loaded 7 journal/requirements
[09Oct2025 05:21:22.295] [Worker-Main-5/INFO] [Dungeon Crawl/]: Loading data...
[09Oct2025 05:21:22.936] [Worker-Main-5/INFO] [Dungeon Crawl/]: Done.
[09Oct2025 05:21:22.939] [Worker-Main-5/INFO] [com.teamabnormals.blueprint.core.Blueprint/]: Structure Repaletter Manager has loaded 0 repaletters
[09Oct2025 05:21:22.948] [Worker-Main-5/INFO] [com.teamabnormals.blueprint.core.Blueprint/]: Modded Biome Slice Manager has loaded 1 slices
[09Oct2025 05:21:22.948] [Worker-Main-5/INFO] [com.teamabnormals.blueprint.core.Blueprint/]: Chunk Generator Modification Manager has loaded 0 modifier groups
[09Oct2025 05:21:22.963] [Worker-Main-5/INFO] [net.mehvahdjukaar.selene.Selene/]: Loaded 39 Soft Fluids
[09Oct2025 05:21:22.996] [Worker-Main-5/INFO] [com.brutalbosses.BrutalBosses/]: Loaded boss variant for: minecraft:snow_golem
[09Oct2025 05:21:22.996] [Worker-Main-5/INFO] [com.brutalbosses.BrutalBosses/]: Loaded boss variant for: minecraft:skeleton
[09Oct2025 05:21:22.996] [Worker-Main-5/INFO] [com.brutalbosses.BrutalBosses/]: Loaded boss variant for: illageandspillage:spiritcaller
[09Oct2025 05:21:22.997] [Worker-Main-5/INFO] [com.brutalbosses.BrutalBosses/]: Loaded boss variant for: minecraft:zombie
[09Oct2025 05:21:22.997] [Worker-Main-5/INFO] [com.brutalbosses.BrutalBosses/]: Loaded boss variant for: minecraft:wither_skeleton
[09Oct2025 05:21:22.997] [Worker-Main-5/INFO] [com.brutalbosses.BrutalBosses/]: Loaded boss variant for: minecraft:cave_spider
[09Oct2025 05:21:22.997] [Worker-Main-5/INFO] [com.brutalbosses.BrutalBosses/]: Loaded boss variant for: minecraft:wandering_trader
[09Oct2025 05:21:22.997] [Worker-Main-5/INFO] [com.brutalbosses.BrutalBosses/]: Loaded boss variant for: minecraft:vindicator
[09Oct2025 05:21:22.998] [Worker-Main-5/INFO] [com.brutalbosses.BrutalBosses/]: Loaded boss variant for: minecraft:zoglin
[09Oct2025 05:21:22.998] [Worker-Main-5/INFO] [com.brutalbosses.BrutalBosses/]: Loaded boss variant for: minecraft:chicken
[09Oct2025 05:21:22.998] [Worker-Main-5/INFO] [com.brutalbosses.BrutalBosses/]: Loaded boss variant for: minecraft:rabbit
[09Oct2025 05:21:22.998] [Worker-Main-5/INFO] [com.brutalbosses.BrutalBosses/]: Loaded boss variant for: minecraft:piglin_brute
[09Oct2025 05:21:22.998] [Worker-Main-5/INFO] [com.brutalbosses.BrutalBosses/]: Loaded boss variant for: minecraft:stray
[09Oct2025 05:21:22.998] [Worker-Main-5/INFO] [com.brutalbosses.BrutalBosses/]: Loaded boss variant for: minecraft:drowned
[09Oct2025 05:21:22.998] [Worker-Main-5/INFO] [com.brutalbosses.BrutalBosses/]: Loaded boss variant for: minecraft:iron_golem
[09Oct2025 05:21:22.999] [Worker-Main-5/INFO] [com.brutalbosses.BrutalBosses/]: Loaded boss variant for: minecraft:zombie
[09Oct2025 05:21:22.999] [Worker-Main-5/INFO] [com.brutalbosses.BrutalBosses/]: Loaded boss variant for: minecraft:pillager
[09Oct2025 05:21:22.999] [Worker-Main-5/INFO] [com.brutalbosses.BrutalBosses/]: Loaded boss variant for: minecraft:vex
[09Oct2025 05:21:22.999] [Worker-Main-5/INFO] [com.brutalbosses.BrutalBosses/]: Loaded boss variant for: minecraft:evoker
[09Oct2025 05:21:22.999] [Worker-Main-5/INFO] [com.brutalbosses.BrutalBosses/]: Loaded boss variant for: minecraft:vindicator
[09Oct2025 05:21:22.999] [Worker-Main-5/INFO] [com.brutalbosses.BrutalBosses/]: Loaded boss variant for: minecraft:wither_skeleton
[09Oct2025 05:21:23.000] [Worker-Main-5/INFO] [com.brutalbosses.BrutalBosses/]: Loaded boss variant for: minecraft:zombie
[09Oct2025 05:21:23.000] [Worker-Main-5/INFO] [com.brutalbosses.BrutalBosses/]: Loaded boss variant for: minecraft:husk
[09Oct2025 05:21:23.000] [Worker-Main-5/INFO] [com.brutalbosses.BrutalBosses/]: Loaded boss variant for: minecraft:evoker
[09Oct2025 05:21:23.000] [Worker-Main-5/INFO] [com.brutalbosses.BrutalBosses/]: Loaded boss variant for: minecraft:guardian
[09Oct2025 05:21:23.000] [Worker-Main-5/INFO] [com.brutalbosses.BrutalBosses/]: Loaded boss variant for: illageandspillage:magispeller
[09Oct2025 05:21:23.000] [Worker-Main-5/INFO] [com.brutalbosses.BrutalBosses/]: Loaded boss variant for: minecraft:shulker
[09Oct2025 05:21:23.000] [Worker-Main-5/INFO] [com.brutalbosses.BrutalBosses/]: Loaded boss variant for: minecraft:blaze
[09Oct2025 05:21:23.000] [Worker-Main-5/INFO] [com.brutalbosses.BrutalBosses/]: Loaded boss variant for: minecraft:witch
[09Oct2025 05:21:23.001] [Worker-Main-5/INFO] [com.brutalbosses.BrutalBosses/]: Loaded boss variant for: minecraft:phantom
[09Oct2025 05:21:23.001] [Worker-Main-5/INFO] [com.brutalbosses.BrutalBosses/]: Loaded boss variant for: minecraft:mooshroom
[09Oct2025 05:21:23.001] [Worker-Main-5/INFO] [com.brutalbosses.BrutalBosses/]: Loaded boss variant for: minecraft:ghast
[09Oct2025 05:21:23.017] [Worker-Main-5/INFO] [untamedwilds.UntamedWilds/]: Beginning loading of data for data loader: spawn_tables
[09Oct2025 05:21:23.019] [Worker-Main-5/INFO] [untamedwilds.UntamedWilds/]: Data loader for spawn_tables loaded 8 jsons
[09Oct2025 05:21:23.019] [Worker-Main-5/INFO] [untamedwilds.UntamedWilds/]: Beginning loading of data for data loader: entities
[09Oct2025 05:21:23.038] [Worker-Main-5/INFO] [untamedwilds.UntamedWilds/]: Data loader for entities loaded 37 jsons
[09Oct2025 05:21:23.048] [Worker-Main-5/INFO] [Apotheosis : Enchantment/]: Registered 23 enchanting_stats.
[09Oct2025 05:21:23.095] [Worker-Main-5/INFO] [Apotheosis : Adventure/]: Registered 59 affixes.
[09Oct2025 05:21:23.105] [Worker-Main-5/INFO] [Apotheosis : Adventure/]: Registered 22 gems.
[09Oct2025 05:21:23.119] [Worker-Main-5/INFO] [Apotheosis : Adventure/]: Registered 75 affix_loot_entries.
[09Oct2025 05:21:23.124] [Worker-Main-5/INFO] [Apotheosis : Adventure/]: Registered 16 boss_gear.
[09Oct2025 05:21:23.141] [Worker-Main-5/INFO] [Apotheosis : Adventure/]: Registered 17 bosses.
[09Oct2025 05:21:23.164] [Worker-Main-5/INFO] [Apotheosis : Adventure/]: Registered 8 random_spawners.
[09Oct2025 05:21:23.180] [Worker-Main-5/INFO] [Apotheosis : Village/]: Registered 45 wanderer_trades.
[09Oct2025 05:21:23.186] [Worker-Main-5/INFO] [CraftTweaker/]: crafttweaker.reload.start
[09Oct2025 05:21:24.483] [Worker-Main-5/INFO] [CraftTweaker/]: crafttweaker.reload.complete
[09Oct2025 05:21:24.487] [Worker-Main-5/INFO] [fastsuite/]: Successfully processed 8410 recipes into the AuxRecipeManager.
[09Oct2025 05:21:24.493] [main/WARN] [net.minecraft.core.MappedRegistry/]: Not all defined tags for registry ResourceKey[minecraft:root / minecraft:worldgen/biome] are present in data pack: idas:has_structure/bopmahogany_biomes, idas:has_structure/bopredwood_biomes, idas:has_structure/bygmahogany_biomes, idas:has_structure/bygredwood_biomes, mvs:has_structure/nether_biomes, towns_and_towers:desert, towns_and_towers:exclusives/classic
[09Oct2025 05:21:24.678] [main/INFO] [com.ordana.immersive_weathering.ImmersiveWeathering/]: Loaded 71 block growths configurations
[09Oct2025 05:21:24.686] [main/INFO] [com.ordana.immersive_weathering.ImmersiveWeathering/]: Loaded 12 liquid generators configurations
[09Oct2025 05:21:24.807] [main/INFO] [net.mehvahdjukaar.supplementaries.Supplementaries/]: Finished additional setup in 0 seconds
[09Oct2025 05:21:25.448] [Server thread/INFO] [net.minecraft.server.dedicated.DedicatedServer/]: Starting minecraft server version 1.18.2
[09Oct2025 05:21:25.449] [Server thread/INFO] [net.minecraft.server.dedicated.DedicatedServer/]: Loading properties
[09Oct2025 05:21:25.449] [Server thread/INFO] [net.minecraft.server.dedicated.DedicatedServer/]: Default game type: SURVIVAL
[09Oct2025 05:21:25.449] [Server thread/INFO] [net.minecraft.server.MinecraftServer/]: Generating keypair
[09Oct2025 05:21:25.619] [Server thread/INFO] [net.minecraft.server.dedicated.DedicatedServer/]: Starting Minecraft server on *:25565
[09Oct2025 05:21:25.689] [Server thread/INFO] [net.minecraft.server.network.ServerConnectionListener/]: Using epoll channel type
[09Oct2025 05:21:25.825] [Server thread/WARN] [net.minecraft.server.dedicated.DedicatedServer/]: **** SERVER IS RUNNING IN OFFLINE/INSECURE MODE!
[09Oct2025 05:21:25.825] [Server thread/WARN] [net.minecraft.server.dedicated.DedicatedServer/]: The server will make no attempt to authenticate usernames. Beware.
[09Oct2025 05:21:25.826] [Server thread/WARN] [net.minecraft.server.dedicated.DedicatedServer/]: While this makes the game possible to play without internet access, it also opens up the ability for hackers to connect with any username they choose.
[09Oct2025 05:21:25.826] [Server thread/WARN] [net.minecraft.server.dedicated.DedicatedServer/]: To change this, set "online-mode" to "true" in the server.properties file.
[09Oct2025 05:21:25.935] [Server thread/INFO] [fuzs.nightconfigfixes.config.CheckedConfigFileTypeHandler/CONFIG]: Loaded default config values from file at path /workspaces/astral/servidor_minecraft/defaultconfigs/majruszsdifficulty-server.toml
[09Oct2025 05:21:25.945] [Server thread/INFO] [fuzs.nightconfigfixes.config.CheckedConfigFileTypeHandler/CONFIG]: Loaded default config values from file at path /workspaces/astral/servidor_minecraft/defaultconfigs/paraglider-server.toml
[09Oct2025 05:21:25.954] [Server thread/INFO] [fuzs.nightconfigfixes.config.CheckedConfigFileTypeHandler/CONFIG]: Loaded default config values from file at path /workspaces/astral/servidor_minecraft/defaultconfigs/solapplepie-server.toml
[09Oct2025 05:21:25.956] [Server thread/INFO] [fuzs.nightconfigfixes.config.CheckedConfigFileTypeHandler/CONFIG]: Loaded default config values from file at path /workspaces/astral/servidor_minecraft/defaultconfigs/corpse-server.toml
[09Oct2025 05:21:25.957] [Server thread/INFO] [fuzs.nightconfigfixes.config.CheckedConfigFileTypeHandler/CONFIG]: Loaded default config values from file at path /workspaces/astral/servidor_minecraft/defaultconfigs/sereneseasons-server.toml
[09Oct2025 05:21:25.963] [Server thread/INFO] [fuzs.nightconfigfixes.config.CheckedConfigFileTypeHandler/CONFIG]: Loaded default config values from file at path /workspaces/astral/servidor_minecraft/defaultconfigs/champions-server.toml
[09Oct2025 05:21:25.971] [Server thread/INFO] [fuzs.nightconfigfixes.config.CheckedConfigFileTypeHandler/CONFIG]: Loaded default config values from file at path /workspaces/astral/servidor_minecraft/defaultconfigs/champions-ranks.toml
[09Oct2025 05:21:25.988] [Server thread/INFO] [fuzs.nightconfigfixes.config.CheckedConfigFileTypeHandler/CONFIG]: Loaded default config values from file at path /workspaces/astral/servidor_minecraft/defaultconfigs/champions-affixes.toml
[09Oct2025 05:21:25.999] [Server thread/INFO] [fuzs.nightconfigfixes.config.CheckedConfigFileTypeHandler/CONFIG]: Loaded default config values from file at path /workspaces/astral/servidor_minecraft/defaultconfigs/champions-entities.toml
[09Oct2025 05:21:26.032] [Server thread/INFO] [fuzs.nightconfigfixes.config.CheckedConfigFileTypeHandler/CONFIG]: Loaded default config values from file at path /workspaces/astral/servidor_minecraft/defaultconfigs/mimic-server.toml
[09Oct2025 05:21:26.038] [Server thread/INFO] [fuzs.nightconfigfixes.config.CheckedConfigFileTypeHandler/CONFIG]: Loaded default config values from file at path /workspaces/astral/servidor_minecraft/defaultconfigs/sophisticatedbackpacks-server.toml
[09Oct2025 05:21:26.049] [Server thread/INFO] [fuzs.nightconfigfixes.config.CheckedConfigFileTypeHandler/CONFIG]: Loaded default config values from file at path /workspaces/astral/servidor_minecraft/defaultconfigs/goblinsanddungeons-server.toml
[09Oct2025 05:21:26.055] [Server thread/INFO] [fuzs.nightconfigfixes.config.CheckedConfigFileTypeHandler/CONFIG]: Loaded default config values from file at path /workspaces/astral/servidor_minecraft/defaultconfigs/fixmyspawnr-server.toml
[09Oct2025 05:21:26.057] [Server thread/INFO] [fuzs.nightconfigfixes.config.CheckedConfigFileTypeHandler/CONFIG]: Loaded default config values from file at path /workspaces/astral/servidor_minecraft/defaultconfigs/easymagic-server.toml
[09Oct2025 05:21:26.058] [Server thread/INFO] [Puzzles Lib/]: Loading server config for easymagic
[09Oct2025 05:21:26.062] [Server thread/INFO] [journeymap/]: Loading JourneyMap Forge Configs
[09Oct2025 05:21:26.066] [Server thread/INFO] [fuzs.nightconfigfixes.config.CheckedConfigFileTypeHandler/CONFIG]: Loaded default config values from file at path /workspaces/astral/servidor_minecraft/defaultconfigs/farsightedmobs-server.toml
[09Oct2025 05:21:26.070] [Server thread/INFO] [fuzs.nightconfigfixes.config.CheckedConfigFileTypeHandler/CONFIG]: Loaded default config values from file at path /workspaces/astral/servidor_minecraft/defaultconfigs/paraglidersstaminacompats-server.toml
[09Oct2025 05:21:26.079] [Server thread/INFO] [fuzs.nightconfigfixes.config.CheckedConfigFileTypeHandler/CONFIG]: Loaded default config values from file at path /workspaces/astral/servidor_minecraft/defaultconfigs/irons_spellbooks-server.toml
[09Oct2025 05:21:26.172] [Server thread/INFO] [FTB Teams/]: loaded team data: 3 known players, 4 teams total
[09Oct2025 05:21:26.189] [Server thread/INFO] [APTweaks(Core)/]: [APTweaks:Core] Game difficult factors EASY: 0.75, NORMAL: 1.0, PEACEFUL: 1.0 and HARD: 2.0
[09Oct2025 05:21:26.193] [Server thread/INFO] [APTweaks(Core)/]: [APTweaks:Core] ⏲ Phase 1/3 - Server took about 75.859 sec to load ...
[09Oct2025 05:21:26.196] [Server thread/INFO] [com.feywild.quest_giver.QuestGiverMod/]: Adding guild quest_giver:village/snow/houses/stall to village minecraft:village/snowy/houses
[09Oct2025 05:21:26.199] [Server thread/INFO] [com.feywild.quest_giver.QuestGiverMod/]: Adding guild quest_giver:village/snow/houses/guild_house to village minecraft:village/snowy/houses
[09Oct2025 05:21:26.199] [Server thread/INFO] [com.feywild.quest_giver.QuestGiverMod/]: Adding guild quest_giver:village/savanna/houses/stall to village minecraft:village/savanna/houses
[09Oct2025 05:21:26.199] [Server thread/INFO] [com.feywild.quest_giver.QuestGiverMod/]: Adding guild quest_giver:village/savanna/houses/guild_house to village minecraft:village/savanna/houses
[09Oct2025 05:21:26.200] [Server thread/INFO] [com.feywild.quest_giver.QuestGiverMod/]: Adding guild quest_giver:village/plains/houses/stall to village minecraft:village/plains/houses
[09Oct2025 05:21:26.200] [Server thread/INFO] [com.feywild.quest_giver.QuestGiverMod/]: Adding guild quest_giver:village/plains/houses/guild_house to village minecraft:village/plains/houses
[09Oct2025 05:21:26.200] [Server thread/INFO] [com.feywild.quest_giver.QuestGiverMod/]: Adding guild quest_giver:village/taiga/houses/guild_house to village minecraft:village/taiga/houses
[09Oct2025 05:21:26.200] [Server thread/INFO] [com.feywild.quest_giver.QuestGiverMod/]: Adding guild quest_giver:village/taiga/houses/stall to village minecraft:village/taiga/houses
[09Oct2025 05:21:26.200] [Server thread/INFO] [com.feywild.quest_giver.QuestGiverMod/]: Adding guild quest_giver:village/desert/houses/guild_house to village minecraft:village/desert/houses
[09Oct2025 05:21:26.201] [Server thread/INFO] [com.feywild.quest_giver.QuestGiverMod/]: Adding guild quest_giver:village/desert/houses/stall to village minecraft:village/desert/houses
[09Oct2025 05:21:26.488] [Server thread/INFO] [spark/]: Starting background profiler...
[09Oct2025 05:21:27.673] [Server thread/INFO] [com.lupicus.cc.manager.ClaimManager/]: Claims: 0 players, 0 dims, 0 chunks, 0 max chunks
[09Oct2025 05:21:27.842] [Server thread/INFO] [APTweaks(Items)/]: Max number of Items allowed per world: 128 / per type: 32
[09Oct2025 05:21:27.843] [Server thread/INFO] [APTweaks(Items)/]: Enable clustering of items with a radius of 3 blocks.
[09Oct2025 05:21:27.844] [Server thread/INFO] [APTweaks(Items)/]: Optimize all items except from deny list: [minecraft:diamond, minecraft:diamond_block]
[09Oct2025 05:21:27.849] [Server thread/WARN] [APTweaks(Items)/]: ⚠ The mod Get It Together, Drops! clusters items in a specific radius, which could conflict with the feature of this mod. Don't use both optimizations together to avoid any side effects!
[09Oct2025 05:21:27.851] [Server thread/INFO] [APTweaks(Items)/]: Enable clustering of Experience Orbs with a radius of 5 blocks.
[09Oct2025 05:21:27.929] [Server thread/INFO] [terrablender/]: Initialized TerraBlender biomes for level stem minecraft:the_nether
[09Oct2025 05:21:28.278] [Server thread/INFO] [terrablender/]: Initialized TerraBlender biomes for level stem minecraft:overworld
[09Oct2025 05:21:28.282] [Server thread/INFO] [net.minecraft.server.dedicated.DedicatedServer/]: Preparing level "world"
[09Oct2025 05:21:28.940] [Server thread/INFO] [APTweaks(Core)/]: [APTweaks:Core] Game difficulty is set to EASY with a 0.75 factor.
[09Oct2025 05:21:28.944] [Server thread/INFO] [net.minecraft.server.MinecraftServer/]: Preparing start region for dimension minecraft:overworld
[09Oct2025 05:21:28.956] [Server thread/WARN] [mixin/]: Method overwrite conflict for removeIf in radium.mixins.json:world.chunk_tickets.SortedArraySetMixin, previously written by org.embeddedt.modernfix.common.mixin.bugfix.paper_chunk_patches.SortedArraySetMixin. Skipping method.
[09Oct2025 05:21:29.378] [Server thread/WARN] [mixin/]: @Redirect conflict. Skipping redirector.mixins.json:net.minecraft.world.level.block.state.CacheMixin->@Redirect::redirectSupportTypes()[Lnet/minecraft/world/level/block/SupportType; with priority 10, already redirected by modernfix-common.mixins.json:perf.cache_blockstate_cache_arrays.AbstractBlockStateCacheMixin->@Redirect::getVoxelShapeValues()[Lnet/minecraft/world/level/block/SupportType; with priority 1000
[09Oct2025 05:21:29.430] [Server thread/WARN] [mixin/]: Mixin apply failed improvedmobs.mixins.compat.json:pathfinding.performance.WalkNodeStaticMixin -> net.minecraft.world.level.pathfinder.WalkNodeEvaluator: org.spongepowered.asm.mixin.injection.throwables.InvalidInjectionException @At("INVOKE") on net/minecraft/world/level/pathfinder/WalkNodeEvaluator::stop with priority 1000 cannot inject into net/minecraft/world/level/pathfinder/WalkNodeEvaluator::m_77607_(Lnet/minecraft/world/level/BlockGetter;Lnet/minecraft/core/BlockPos$MutableBlockPos;Lnet/minecraft/world/level/pathfinder/BlockPathTypes;)Lnet/minecraft/world/level/pathfinder/BlockPathTypes; merged by me.jellysquid.mods.lithium.mixin.ai.pathing.LandPathNodeMakerMixin with priority 1000 [ -> redirect$deo000$stop(Lnet/minecraft/world/level/BlockGetter;Lnet/minecraft/core/BlockPos;)Lnet/minecraft/world/level/material/FluidState; -> Prepare]
org.spongepowered.asm.mixin.injection.throwables.InvalidInjectionException: @At("INVOKE") on net/minecraft/world/level/pathfinder/WalkNodeEvaluator::stop with priority 1000 cannot inject into net/minecraft/world/level/pathfinder/WalkNodeEvaluator::m_77607_(Lnet/minecraft/world/level/BlockGetter;Lnet/minecraft/core/BlockPos$MutableBlockPos;Lnet/minecraft/world/level/pathfinder/BlockPathTypes;)Lnet/minecraft/world/level/pathfinder/BlockPathTypes; merged by me.jellysquid.mods.lithium.mixin.ai.pathing.LandPathNodeMakerMixin with priority 1000 [ -> redirect$deo000$stop(Lnet/minecraft/world/level/BlockGetter;Lnet/minecraft/core/BlockPos;)Lnet/minecraft/world/level/material/FluidState; -> Prepare]
	at org.spongepowered.asm.mixin.injection.code.Injector.findTargetNodes(Injector.java:305) ~[mixin-0.8.5.jar%2314!/:0.8.5+Jenkins-b310.git-155314e6e91465dad727e621a569906a410cd6f4]
	at org.spongepowered.asm.mixin.injection.code.Injector.find(Injector.java:240) ~[mixin-0.8.5.jar%2314!/:0.8.5+Jenkins-b310.git-155314e6e91465dad727e621a569906a410cd6f4]
	at org.spongepowered.asm.mixin.injection.struct.InjectionInfo.prepare(InjectionInfo.java:421) ~[mixin-0.8.5.jar%2314!/:0.8.5+Jenkins-b310.git-155314e6e91465dad727e621a569906a410cd6f4]
	at org.spongepowered.asm.mixin.transformer.MixinTargetContext.prepareInjections(MixinTargetContext.java:1319) ~[mixin-0.8.5.jar%2314!/:0.8.5+Jenkins-b310.git-155314e6e91465dad727e621a569906a410cd6f4]
	at org.spongepowered.asm.mixin.transformer.MixinApplicatorStandard.prepareInjections(MixinApplicatorStandard.java:1042) ~[mixin-0.8.5.jar%2314!/:0.8.5+Jenkins-b310.git-155314e6e91465dad727e621a569906a410cd6f4]
	at org.spongepowered.asm.mixin.transformer.MixinApplicatorStandard.applyMixin(MixinApplicatorStandard.java:393) ~[mixin-0.8.5.jar%2314!/:0.8.5+Jenkins-b310.git-155314e6e91465dad727e621a569906a410cd6f4]
	at org.spongepowered.asm.mixin.transformer.MixinApplicatorStandard.apply(MixinApplicatorStandard.java:325) ~[mixin-0.8.5.jar%2314!/:0.8.5+Jenkins-b310.git-155314e6e91465dad727e621a569906a410cd6f4]
	at org.spongepowered.asm.mixin.transformer.TargetClassContext.apply(TargetClassContext.java:383) ~[mixin-0.8.5.jar%2314!/:0.8.5+Jenkins-b310.git-155314e6e91465dad727e621a569906a410cd6f4]
	at org.spongepowered.asm.mixin.transformer.TargetClassContext.applyMixins(TargetClassContext.java:365) ~[mixin-0.8.5.jar%2314!/:0.8.5+Jenkins-b310.git-155314e6e91465dad727e621a569906a410cd6f4]
	at org.spongepowered.asm.mixin.transformer.MixinProcessor.applyMixins(MixinProcessor.java:363) ~[mixin-0.8.5.jar%2314!/:0.8.5+Jenkins-b310.git-155314e6e91465dad727e621a569906a410cd6f4]
	at org.spongepowered.asm.mixin.transformer.MixinTransformer.transformClass(MixinTransformer.java:250) ~[mixin-0.8.5.jar%2314!/:0.8.5+Jenkins-b310.git-155314e6e91465dad727e621a569906a410cd6f4]
	at org.spongepowered.asm.service.modlauncher.MixinTransformationHandler.processClass(MixinTransformationHandler.java:131) ~[mixin-0.8.5.jar%2314!/:0.8.5+Jenkins-b310.git-155314e6e91465dad727e621a569906a410cd6f4]
	at org.spongepowered.asm.launch.MixinLaunchPluginLegacy.processClass(MixinLaunchPluginLegacy.java:131) ~[mixin-0.8.5.jar%2314!/:0.8.5+Jenkins-b310.git-155314e6e91465dad727e621a569906a410cd6f4]
	at cpw.mods.modlauncher.serviceapi.ILaunchPluginService.processClassWithFlags(ILaunchPluginService.java:156) ~[modlauncher-9.1.3.jar%235!/:9.1.3+9.1.3+main.9b69c82a]
	at cpw.mods.modlauncher.LaunchPluginHandler.offerClassNodeToPlugins(LaunchPluginHandler.java:88) ~[modlauncher-9.1.3.jar%235!/:?]
	at cpw.mods.modlauncher.ClassTransformer.transform(ClassTransformer.java:120) ~[modlauncher-9.1.3.jar%235!/:?]
	at cpw.mods.modlauncher.TransformingClassLoader.maybeTransformClassBytes(TransformingClassLoader.java:50) ~[modlauncher-9.1.3.jar%235!/:?]
	at cpw.mods.cl.ModuleClassLoader.readerToClass(ModuleClassLoader.java:113) ~[securejarhandler-1.0.8.jar:?]
	at cpw.mods.cl.ModuleClassLoader.lambda$findClass$15(ModuleClassLoader.java:219) ~[securejarhandler-1.0.8.jar:?]
	at cpw.mods.cl.ModuleClassLoader.loadFromModule(ModuleClassLoader.java:229) ~[securejarhandler-1.0.8.jar:?]
	at cpw.mods.cl.ModuleClassLoader.findClass(ModuleClassLoader.java:219) ~[securejarhandler-1.0.8.jar:?]
	at cpw.mods.cl.ModuleClassLoader.loadClass(ModuleClassLoader.java:135) ~[securejarhandler-1.0.8.jar:?]
	at java.lang.ClassLoader.loadClass(ClassLoader.java:525) ~[?:?]
	at me.jellysquid.mods.lithium.common.ai.pathing.PathNodeDefaults.getNodeType(PathNodeDefaults.java:72) ~[radium-0.7.10.jar%23240!/:?]
	at net.minecraft.world.level.block.Block.getPathNodeType(Block.java:1136) ~[server-1.18.2-20220404.173914-srg.jar%23303!/:?]
	at net.minecraft.world.level.block.state.BlockBehaviour$BlockStateBase.handler$zpo001$init(BlockBehaviour.java:1881) ~[server-1.18.2-20220404.173914-srg.jar%23303!/:?]
	at net.minecraft.world.level.block.state.BlockBehaviour$BlockStateBase.m_60611_(BlockBehaviour.java:457) ~[server-1.18.2-20220404.173914-srg.jar%23303!/:?]
	at net.minecraft.world.level.block.state.BlockBehaviour$BlockStateBase.mfix$generateCache(BlockBehaviour.java:1394) ~[server-1.18.2-20220404.173914-srg.jar%23303!/:?]
	at net.minecraft.world.level.block.state.BlockBehaviour$BlockStateBase.m_60823_(BlockBehaviour.java) ~[server-1.18.2-20220404.173914-srg.jar%23303!/:?]
	at net.minecraft.world.level.chunk.LevelChunkSection$1BlockCounter.m_63144_(LevelChunkSection.java:137) ~[server-1.18.2-20220404.173914-srg.jar%23303!/:?]
	at net.minecraft.world.level.chunk.LevelChunkSection$1BlockCounter.m_63144_(LevelChunkSection.java:126) ~[server-1.18.2-20220404.173914-srg.jar%23303!/:?]
	at net.minecraft.world.level.chunk.LevelChunkSection.md6efb65$lambda$initFlagCounters$0$0(LevelChunkSection.java:549) ~[server-1.18.2-20220404.173914-srg.jar%23303!/:?]
	at net.minecraft.world.level.chunk.PalettedContainer.handler$bcf000$count(PalettedContainer.java:1646) ~[server-1.18.2-20220404.173914-srg.jar%23303!/:?]
	at net.minecraft.world.level.chunk.PalettedContainer.m_63099_(PalettedContainer.java) ~[server-1.18.2-20220404.173914-srg.jar%23303!/:?]
	at net.minecraft.world.level.chunk.LevelChunkSection.redirect$bca000$initFlagCounters(LevelChunkSection.java:548) ~[server-1.18.2-20220404.173914-srg.jar%23303!/:?]
	at net.minecraft.world.level.chunk.LevelChunkSection.m_63018_(LevelChunkSection.java:151) ~[server-1.18.2-20220404.173914-srg.jar%23303!/:?]
	at net.minecraft.world.level.chunk.LevelChunkSection.<init>(LevelChunkSection.java:37) ~[server-1.18.2-20220404.173914-srg.jar%23303!/:?]
	at net.minecraft.world.level.chunk.storage.ChunkSerializer.m_188230_(ChunkSerializer.java:115) ~[server-1.18.2-20220404.173914-srg.jar%23303!/:?]
	at net.minecraft.server.level.ChunkMap.m_203107_(ChunkMap.java:543) ~[server-1.18.2-20220404.173914-srg.jar%23303!/:?]
	at java.util.concurrent.CompletableFuture$AsyncSupply.run(CompletableFuture.java:1768) ~[?:?]
	at net.minecraft.util.thread.BlockableEventLoop.m_6367_(BlockableEventLoop.java:157) ~[server-1.18.2-20220404.173914-srg.jar%23303!/:?]
	at net.minecraft.server.level.ServerChunkCache$MainThreadExecutor.m_6367_(ServerChunkCache.java:542) ~[server-1.18.2-20220404.173914-srg.jar%23303!/:?]
	at net.minecraft.util.thread.BlockableEventLoop.m_7245_(BlockableEventLoop.java:131) ~[server-1.18.2-20220404.173914-srg.jar%23303!/:?]
	at net.minecraft.server.level.ServerChunkCache$MainThreadExecutor.m_7245_(ServerChunkCache.java:550) ~[server-1.18.2-20220404.173914-srg.jar%23303!/:?]
	at net.minecraft.server.level.ServerChunkCache.m_8466_(ServerChunkCache.java:266) ~[server-1.18.2-20220404.173914-srg.jar%23303!/:?]
	at net.minecraft.server.MinecraftServer.m_129961_(MinecraftServer.java:787) ~[server-1.18.2-20220404.173914-srg.jar%23303!/:?]
	at net.minecraft.server.MinecraftServer.m_7245_(MinecraftServer.java:776) ~[server-1.18.2-20220404.173914-srg.jar%23303!/:?]
	at net.minecraft.util.thread.BlockableEventLoop.m_18699_(BlockableEventLoop.java:116) ~[server-1.18.2-20220404.173914-srg.jar%23303!/:?]
	at net.minecraft.server.MinecraftServer.m_130012_(MinecraftServer.java:761) ~[server-1.18.2-20220404.173914-srg.jar%23303!/:?]
	at net.minecraft.server.MinecraftServer.m_129940_(MinecraftServer.java:475) ~[server-1.18.2-20220404.173914-srg.jar%23303!/:?]
	at net.minecraft.server.MinecraftServer.m_130006_(MinecraftServer.java:318) ~[server-1.18.2-20220404.173914-srg.jar%23303!/:?]
	at net.minecraft.server.dedicated.DedicatedServer.m_7038_(DedicatedServer.java:173) ~[server-1.18.2-20220404.173914-srg.jar%23303!/:?]
	at net.minecraft.server.MinecraftServer.m_130011_(MinecraftServer.java:661) ~[server-1.18.2-20220404.173914-srg.jar%23303!/:?]
	at net.minecraft.server.MinecraftServer.m_177918_(MinecraftServer.java:261) ~[server-1.18.2-20220404.173914-srg.jar%23303!/:?]
	at java.lang.Thread.run(Thread.java:840) [?:?]
[09Oct2025 05:21:35.688] [Server thread/INFO] [net.minecraft.server.level.progress.LoggerChunkProgressListener/]: Time elapsed: 1772037 ms
[09Oct2025 05:21:35.689] [Server thread/INFO] [net.minecraft.server.dedicated.DedicatedServer/]: Done (9.788s)! For help, type "help"
[09Oct2025 05:21:36.186] [Server thread/INFO] [net.minecraftforge.server.permission.PermissionAPI/]: Successfully initialized permission handler forge:default_handler
[09Oct2025 05:21:36.205] [Server thread/INFO] [APTweaks(Core)/]: [APTweaks:Core] Max number of remote players is set to 20
[09Oct2025 05:21:36.206] [Server thread/INFO] [APTweaks(Core)/]: [APTweaks:Core] ⏲ Phase 2/3 - Server took about 85.872 sec to starting (∆: 10.013 secs)...
[09Oct2025 05:21:36.214] [Server thread/WARN] [solapplepie/]: Item is not food: largemeals:sweet_berry_custard
[09Oct2025 05:21:36.215] [Server thread/WARN] [solapplepie/]: Item is not food: largemeals:pufferfish_broth
[09Oct2025 05:21:36.215] [Server thread/WARN] [solapplepie/]: Item is not food: largemeals:mushroom_pot_pie
[09Oct2025 05:21:36.215] [Server thread/WARN] [solapplepie/]: Item is not food: largemeals:hearty_lunch
[09Oct2025 05:21:36.215] [Server thread/WARN] [solapplepie/]: Item is not food: farmersrespite:green_tea
[09Oct2025 05:21:36.216] [Server thread/WARN] [solapplepie/]: Item is not food: farmersrespite:yellow_tea
[09Oct2025 05:21:36.216] [Server thread/WARN] [solapplepie/]: Item is not food: farmersrespite:coffee
[09Oct2025 05:21:36.216] [Server thread/WARN] [solapplepie/]: Item is not food: farmersrespite:black_tea
[09Oct2025 05:21:36.219] [Server thread/WARN] [solapplepie/]: Item is not food: farmersrespite:rose_hip_tea
[09Oct2025 05:21:36.219] [Server thread/WARN] [solapplepie/]: Item is not food: farmersrespite:dandelion_tea
[09Oct2025 05:21:36.219] [Server thread/WARN] [solapplepie/]: Item is not food: farmersrespite:black_tea
[09Oct2025 05:21:36.219] [Server thread/WARN] [solapplepie/]: Item is not food: farmersrespite:rose_hip_pie_slice
[09Oct2025 05:21:36.219] [Server thread/WARN] [solapplepie/]: Item is not food: farmersrespite:coffee_cake_slice
[09Oct2025 05:21:36.220] [Server thread/WARN] [solapplepie/]: Item is not food: farmersrespite:blazing_chili
[09Oct2025 05:21:36.223] [Server thread/WARN] [solapplepie/]: Invalid benefit type: epicfight:stun_armor in string epicfight:stun_armor,1
[09Oct2025 05:21:36.227] [Server thread/WARN] [solapplepie/]: Invalid benefit type: epicfight:stun_armor in string epicfight:stun_armor,1
[09Oct2025 05:21:36.230] [Server thread/WARN] [solapplepie/]: Invalid benefit type: epicfight:stun_armor in string epicfight:stun_armor,1
[09Oct2025 05:21:36.329] [Server thread/INFO] [net.minecraft.server.dedicated.DedicatedServer/]: [Chunky] No tasks to continue.
[09Oct2025 05:21:36.502] [Server thread/INFO] [com.nitespring.monsterplus.MonsterPlus/]: HELLO from server starting
[09Oct2025 05:21:36.503] [Server thread/INFO] [io.redspace.ironsspellbooks.IronsSpellbooks/]: HELLO from server starting
[09Oct2025 05:21:36.521] [Server thread/INFO] [FTB Ranks/]: Loaded 2 ranks
[09Oct2025 05:21:36.530] [Server thread/INFO] [FTB Quests/]: Loading quests from /workspaces/astral/servidor_minecraft/config/ftbquests/quests
[09Oct2025 05:21:36.620] [Server thread/INFO] [FTB Quests/]: Loaded 4 chapter groups, 13 chapters, 360 quests, 2 reward tables
[09Oct2025 05:21:36.620] [Server thread/INFO] [FTB Quests/]: Loading quest progression data from /workspaces/astral/servidor_minecraft/config/ftbquests/quests
[09Oct2025 05:21:36.655] [Server thread/INFO] [APTweaks(Core)/]: [APTweaks:Core] ⏲ Phase 3/3 - Server took about 86.321 sec to be available and ready to play (∆: 0.449 secs) ...
[09Oct2025 05:21:36.658] [Server thread/INFO] [APTweaks(Core)/]: Found dimension minecraft:overworld
[09Oct2025 05:21:36.658] [Server thread/INFO] [APTweaks(Core)/]: Found dimension simple_mobs:fervent_dream
[09Oct2025 05:21:36.659] [Server thread/INFO] [APTweaks(Core)/]: Found dimension minecraft:the_nether
[09Oct2025 05:21:36.659] [Server thread/INFO] [APTweaks(Core)/]: Found dimension simple_mobs:distant_land
[09Oct2025 05:21:36.659] [Server thread/INFO] [APTweaks(Core)/]: Found dimension minecraft:the_end
[09Oct2025 05:21:36.659] [Server thread/INFO] [APTweaks(Core)/]: Found dimension blue_skies:everbright
[09Oct2025 05:21:36.659] [Server thread/INFO] [APTweaks(Core)/]: Found dimension blue_skies:everdawn
[09Oct2025 05:21:36.669] [Server thread/INFO] [patchouli/]: Sending reload packet to clients
[09Oct2025 05:21:36.682] [Server thread/WARN] [ModernFix/]: Dedicated server took 86.473 seconds to load
[09Oct2025 05:21:39.100] [Server thread/WARN] [net.minecraft.server.MinecraftServer/]: Can't keep up! Is the server overloaded? Running 2061ms or 41 ticks behind
[09Oct2025 05:21:40.424] [Server thread/WARN] [untamedwilds.UntamedWilds/]: There's no species provided for the EntityType
[09Oct2025 05:21:40.496] [Server thread/INFO] [APTweaks(Core)/]: [APTweaks:Core] ↓ Server load changed from NORMAL (avg. 50.0) to LOW (avg. 34.35982894897461)
[09Oct2025 05:21:40.920] [Server thread/ERROR] [Apotheosis : Adventure/]: Failed to execute LootRule minecraft:diamond_helmet/common/STAT/0.25!
[09Oct2025 05:21:40.975] [Server thread/ERROR] [Apotheosis : Adventure/]: Failed to execute LootRule minecraft:golden_helmet/common/STAT/0.25!
[09Oct2025 05:21:41.114] [Server thread/ERROR] [Apotheosis : Adventure/]: Failed to execute LootRule minecraft:leather_helmet/common/STAT/0.25!
[09Oct2025 05:21:41.120] [Server thread/ERROR] [Apotheosis : Adventure/]: Failed to execute LootRule minecraft:iron_helmet/common/STAT/0.25!
[09Oct2025 05:21:41.134] [Server thread/ERROR] [Apotheosis : Adventure/]: Failed to execute LootRule minecraft:leather_helmet/common/STAT/0.25!
[09Oct2025 05:21:41.136] [Server thread/ERROR] [Apotheosis : Adventure/]: Failed to execute LootRule minecraft:netherite_helmet/common/STAT/0.25!
[09Oct2025 05:21:41.154] [Server thread/ERROR] [Apotheosis : Adventure/]: Failed to execute LootRule minecraft:iron_helmet/common/STAT/0.25!
[09Oct2025 05:21:41.159] [Server thread/ERROR] [Apotheosis : Adventure/]: Failed to execute LootRule minecraft:golden_helmet/common/STAT/0.25!
[09Oct2025 05:21:41.187] [Server thread/ERROR] [Apotheosis : Adventure/]: Failed to execute LootRule minecraft:golden_helmet/common/STAT/0.25!
[09Oct2025 05:21:41.233] [Server thread/ERROR] [Apotheosis : Adventure/]: Failed to execute LootRule minecraft:iron_helmet/common/STAT/0.25!
[09Oct2025 05:21:41.243] [Server thread/ERROR] [Apotheosis : Adventure/]: Failed to execute LootRule minecraft:golden_helmet/common/STAT/0.25!
[09Oct2025 05:21:41.245] [Server thread/ERROR] [Apotheosis : Adventure/]: Failed to execute LootRule minecraft:leather_helmet/common/STAT/0.25!
[09Oct2025 05:21:41.275] [Server thread/ERROR] [Apotheosis : Adventure/]: Failed to execute LootRule minecraft:leather_helmet/common/STAT/0.25!
[09Oct2025 05:21:41.331] [Server thread/ERROR] [Apotheosis : Adventure/]: Failed to execute LootRule minecraft:iron_helmet/common/STAT/0.25!
[09Oct2025 05:21:41.335] [Server thread/ERROR] [Apotheosis : Adventure/]: Failed to execute LootRule minecraft:netherite_helmet/common/STAT/0.25!
[09Oct2025 05:21:41.354] [Server thread/ERROR] [Apotheosis : Adventure/]: Failed to execute LootRule minecraft:iron_helmet/common/STAT/0.25!
[09Oct2025 05:21:41.371] [Server thread/ERROR] [Apotheosis : Adventure/]: Failed to execute LootRule minecraft:leather_helmet/common/STAT/0.25!
[09Oct2025 05:21:41.382] [Server thread/ERROR] [Apotheosis : Adventure/]: Failed to execute LootRule minecraft:netherite_helmet/common/STAT/0.25!
[09Oct2025 05:21:41.384] [Server thread/ERROR] [Apotheosis : Adventure/]: Failed to execute LootRule minecraft:leather_helmet/common/STAT/0.25!
[09Oct2025 05:21:41.404] [Server thread/ERROR] [Apotheosis : Adventure/]: Failed to execute LootRule minecraft:golden_helmet/common/STAT/0.25!
[09Oct2025 05:21:42.115] [Server thread/INFO] [APTweaks(Core)/]: [APTweaks:Core] ↓ Level load for minecraft:overworld changed from NORMAL (avg. 45.0) to LOW (avg. 32.26322782)
[09Oct2025 05:21:42.116] [Server thread/INFO] [APTweaks(Core)/]: [APTweaks:Core] ↓ Level load for simple_mobs:fervent_dream changed from NORMAL (avg. 45.0) to VERY_LOW (avg. 0.27113086)
[09Oct2025 05:21:42.116] [Server thread/INFO] [APTweaks(Core)/]: [APTweaks:Core] ↓ Level load for minecraft:the_nether changed from NORMAL (avg. 45.0) to VERY_LOW (avg. 0.25387094)
[09Oct2025 05:21:42.117] [Server thread/INFO] [APTweaks(Core)/]: [APTweaks:Core] ↓ Level load for simple_mobs:distant_land changed from NORMAL (avg. 45.0) to VERY_LOW (avg. 0.24361270999999998)
[09Oct2025 05:21:42.117] [Server thread/INFO] [APTweaks(Core)/]: [APTweaks:Core] ↓ Level load for minecraft:the_end changed from NORMAL (avg. 45.0) to VERY_LOW (avg. 0.22116504)
[09Oct2025 05:21:42.118] [Server thread/INFO] [APTweaks(Core)/]: [APTweaks:Core] ↓ Level load for blue_skies:everbright changed from NORMAL (avg. 45.0) to VERY_LOW (avg. 0.09684643)
[09Oct2025 05:21:42.118] [Server thread/INFO] [APTweaks(Core)/]: [APTweaks:Core] ↓ Level load for blue_skies:everdawn changed from NORMAL (avg. 45.0) to VERY_LOW (avg. 0.19094613)
[09Oct2025 05:21:54.940] [Server thread/INFO] [APTweaks(Core)/]: [APTweaks:Core] ↓ Server load changed from LOW (avg. 34.35982894897461) to VERY_LOW (avg. 6.730673313140869)
[09Oct2025 05:22:07.380] [Server thread/INFO] [net.minecraftforge.common.AdvancementLoadFix/]: Using new advancement loading for net.minecraft.server.PlayerAdvancements@7c465936
[09Oct2025 05:22:07.504] [Server thread/ERROR] [net.minecraft.stats.ServerRecipeBook/]: Tried to load unrecognized recipe: apotheosis:crystal_seashelf removed now.
[09Oct2025 05:22:07.505] [Server thread/ERROR] [net.minecraft.stats.ServerRecipeBook/]: Tried to load unrecognized recipe: apotheosis:boots_tome removed now.
[09Oct2025 05:22:07.505] [Server thread/ERROR] [net.minecraft.stats.ServerRecipeBook/]: Tried to load unrecognized recipe: apotheosis:beeshelf removed now.
[09Oct2025 05:22:07.505] [Server thread/ERROR] [net.minecraft.stats.ServerRecipeBook/]: Tried to load unrecognized recipe: apotheosis:helmet_tome removed now.
[09Oct2025 05:22:07.506] [Server thread/ERROR] [net.minecraft.stats.ServerRecipeBook/]: Tried to load unrecognized recipe: apotheosis:seashelf removed now.
[09Oct2025 05:22:07.506] [Server thread/ERROR] [net.minecraft.stats.ServerRecipeBook/]: Tried to load unrecognized recipe: apotheosis:hellshelf removed now.
[09Oct2025 05:22:07.506] [Server thread/ERROR] [net.minecraft.stats.ServerRecipeBook/]: Tried to load unrecognized recipe: apotheosis:library removed now.
[09Oct2025 05:22:07.507] [Server thread/ERROR] [net.minecraft.stats.ServerRecipeBook/]: Tried to load unrecognized recipe: apotheosis:glowing_hellshelf removed now.
[09Oct2025 05:22:07.507] [Server thread/ERROR] [net.minecraft.stats.ServerRecipeBook/]: Tried to load unrecognized recipe: apotheosis:endshelf removed now.
[09Oct2025 05:22:07.507] [Server thread/ERROR] [net.minecraft.stats.ServerRecipeBook/]: Tried to load unrecognized recipe: apotheosis:melonshelf removed now.
[09Oct2025 05:22:07.507] [Server thread/ERROR] [net.minecraft.stats.ServerRecipeBook/]: Tried to load unrecognized recipe: apotheosis:vial_of_extraction removed now.
[09Oct2025 05:22:07.508] [Server thread/ERROR] [net.minecraft.stats.ServerRecipeBook/]: Tried to load unrecognized recipe: apotheosis:pearl_endshelf removed now.
[09Oct2025 05:22:07.509] [Server thread/ERROR] [net.minecraft.stats.ServerRecipeBook/]: Tried to load unrecognized recipe: apotheosis:enchanted_golden_apple removed now.
[09Oct2025 05:22:07.510] [Server thread/ERROR] [net.minecraft.stats.ServerRecipeBook/]: Tried to load unrecognized recipe: apotheosis:other_tome removed now.
[09Oct2025 05:22:07.510] [Server thread/ERROR] [net.minecraft.stats.ServerRecipeBook/]: Tried to load unrecognized recipe: apotheosis:vial_of_expulsion removed now.
[09Oct2025 05:22:07.510] [Server thread/ERROR] [net.minecraft.stats.ServerRecipeBook/]: Tried to load unrecognized recipe: apotheosis:bow_tome removed now.
[09Oct2025 05:22:07.511] [Server thread/ERROR] [net.minecraft.stats.ServerRecipeBook/]: Tried to load unrecognized recipe: apotheosis:heart_seashelf removed now.
[09Oct2025 05:22:07.511] [Server thread/ERROR] [net.minecraft.stats.ServerRecipeBook/]: Tried to load unrecognized recipe: apotheosis:pickaxe_tome removed now.
[09Oct2025 05:22:07.511] [Server thread/ERROR] [net.minecraft.stats.ServerRecipeBook/]: Tried to load unrecognized recipe: apotheosis:weapon_tome removed now.
[09Oct2025 05:22:07.512] [Server thread/ERROR] [net.minecraft.stats.ServerRecipeBook/]: Tried to load unrecognized recipe: apotheosis:blazing_hellshelf removed now.
[09Oct2025 05:22:07.513] [Server thread/ERROR] [net.minecraft.stats.ServerRecipeBook/]: Tried to load unrecognized recipe: apotheosis:fishing_tome removed now.
[09Oct2025 05:22:07.513] [Server thread/ERROR] [net.minecraft.stats.ServerRecipeBook/]: Tried to load unrecognized recipe: apotheosis:draconic_endshelf removed now.
[09Oct2025 05:22:07.514] [Server thread/ERROR] [net.minecraft.stats.ServerRecipeBook/]: Tried to load unrecognized recipe: apotheosis:chestplate_tome removed now.
[09Oct2025 05:22:07.514] [Server thread/ERROR] [net.minecraft.stats.ServerRecipeBook/]: Tried to load unrecognized recipe: apotheosis:ender_lead removed now.
[09Oct2025 05:22:07.515] [Server thread/ERROR] [net.minecraft.stats.ServerRecipeBook/]: Tried to load unrecognized recipe: crafttweaker:main.zs removed now.
[09Oct2025 05:22:07.515] [Server thread/ERROR] [net.minecraft.stats.ServerRecipeBook/]: Tried to load unrecognized recipe: apotheosis:leggings_tome removed now.
[09Oct2025 05:22:07.516] [Server thread/ERROR] [net.minecraft.stats.ServerRecipeBook/]: Tried to load unrecognized recipe: apotheosis:potion_charm_enchanting removed now.
[09Oct2025 05:22:07.517] [Server thread/ERROR] [net.minecraft.stats.ServerRecipeBook/]: Tried to load unrecognized recipe: apotheosis:crystal_seashelf removed now.
[09Oct2025 05:22:07.517] [Server thread/ERROR] [net.minecraft.stats.ServerRecipeBook/]: Tried to load unrecognized recipe: apotheosis:boots_tome removed now.
[09Oct2025 05:22:07.517] [Server thread/ERROR] [net.minecraft.stats.ServerRecipeBook/]: Tried to load unrecognized recipe: apotheosis:beeshelf removed now.
[09Oct2025 05:22:07.518] [Server thread/ERROR] [net.minecraft.stats.ServerRecipeBook/]: Tried to load unrecognized recipe: apotheosis:helmet_tome removed now.
[09Oct2025 05:22:07.518] [Server thread/ERROR] [net.minecraft.stats.ServerRecipeBook/]: Tried to load unrecognized recipe: apotheosis:seashelf removed now.
[09Oct2025 05:22:07.518] [Server thread/ERROR] [net.minecraft.stats.ServerRecipeBook/]: Tried to load unrecognized recipe: apotheosis:hellshelf removed now.
[09Oct2025 05:22:07.518] [Server thread/ERROR] [net.minecraft.stats.ServerRecipeBook/]: Tried to load unrecognized recipe: apotheosis:library removed now.
[09Oct2025 05:22:07.519] [Server thread/ERROR] [net.minecraft.stats.ServerRecipeBook/]: Tried to load unrecognized recipe: apotheosis:glowing_hellshelf removed now.
[09Oct2025 05:22:07.519] [Server thread/ERROR] [net.minecraft.stats.ServerRecipeBook/]: Tried to load unrecognized recipe: apotheosis:endshelf removed now.
[09Oct2025 05:22:07.519] [Server thread/ERROR] [net.minecraft.stats.ServerRecipeBook/]: Tried to load unrecognized recipe: apotheosis:melonshelf removed now.
[09Oct2025 05:22:07.520] [Server thread/ERROR] [net.minecraft.stats.ServerRecipeBook/]: Tried to load unrecognized recipe: apotheosis:vial_of_extraction removed now.
[09Oct2025 05:22:07.520] [Server thread/ERROR] [net.minecraft.stats.ServerRecipeBook/]: Tried to load unrecognized recipe: apotheosis:pearl_endshelf removed now.
[09Oct2025 05:22:07.520] [Server thread/ERROR] [net.minecraft.stats.ServerRecipeBook/]: Tried to load unrecognized recipe: apotheosis:enchanted_golden_apple removed now.
[09Oct2025 05:22:07.521] [Server thread/ERROR] [net.minecraft.stats.ServerRecipeBook/]: Tried to load unrecognized recipe: apotheosis:other_tome removed now.
[09Oct2025 05:22:07.522] [Server thread/ERROR] [net.minecraft.stats.ServerRecipeBook/]: Tried to load unrecognized recipe: apotheosis:vial_of_expulsion removed now.
[09Oct2025 05:22:07.522] [Server thread/ERROR] [net.minecraft.stats.ServerRecipeBook/]: Tried to load unrecognized recipe: apotheosis:bow_tome removed now.
[09Oct2025 05:22:07.522] [Server thread/ERROR] [net.minecraft.stats.ServerRecipeBook/]: Tried to load unrecognized recipe: apotheosis:heart_seashelf removed now.
[09Oct2025 05:22:07.522] [Server thread/ERROR] [net.minecraft.stats.ServerRecipeBook/]: Tried to load unrecognized recipe: apotheosis:pickaxe_tome removed now.
[09Oct2025 05:22:07.523] [Server thread/ERROR] [net.minecraft.stats.ServerRecipeBook/]: Tried to load unrecognized recipe: apotheosis:weapon_tome removed now.
[09Oct2025 05:22:07.523] [Server thread/ERROR] [net.minecraft.stats.ServerRecipeBook/]: Tried to load unrecognized recipe: apotheosis:blazing_hellshelf removed now.
[09Oct2025 05:22:07.524] [Server thread/ERROR] [net.minecraft.stats.ServerRecipeBook/]: Tried to load unrecognized recipe: apotheosis:fishing_tome removed now.
[09Oct2025 05:22:07.524] [Server thread/ERROR] [net.minecraft.stats.ServerRecipeBook/]: Tried to load unrecognized recipe: apotheosis:draconic_endshelf removed now.
[09Oct2025 05:22:07.525] [Server thread/ERROR] [net.minecraft.stats.ServerRecipeBook/]: Tried to load unrecognized recipe: apotheosis:chestplate_tome removed now.
[09Oct2025 05:22:07.525] [Server thread/ERROR] [net.minecraft.stats.ServerRecipeBook/]: Tried to load unrecognized recipe: apotheosis:ender_lead removed now.
[09Oct2025 05:22:07.525] [Server thread/ERROR] [net.minecraft.stats.ServerRecipeBook/]: Tried to load unrecognized recipe: crafttweaker:main.zs removed now.
[09Oct2025 05:22:07.525] [Server thread/ERROR] [net.minecraft.stats.ServerRecipeBook/]: Tried to load unrecognized recipe: apotheosis:leggings_tome removed now.
[09Oct2025 05:22:07.526] [Server thread/ERROR] [net.minecraft.stats.ServerRecipeBook/]: Tried to load unrecognized recipe: apotheosis:potion_charm_enchanting removed now.
[09Oct2025 05:22:07.533] [Server thread/INFO] [net.minecraft.server.players.PlayerList/]: Octlopez04[/100.69.232.72:54335] logged in with entity id 1017 at (-627.7093429360185, 65.875, 1489.0324513231335)
[09Oct2025 05:22:07.551] [Server thread/ERROR] [ModernFix/]: Skipping entity ID sync for com.BrassAmber.ba_bt.entity.hostile.golem.BTAbstractGolem: java.lang.NoClassDefFoundError: net/minecraft/client/sounds/MusicManager
[09Oct2025 05:22:07.596] [Server thread/INFO] [ModdingLegacy/blue_skies/]: Sending ToolHandleTypeManager to Octlopez04
[09Oct2025 05:22:07.597] [Server thread/INFO] [ModdingLegacy/blue_skies/]: Sending SnowcapOvenFreezingManager to Octlopez04
[09Oct2025 05:22:07.598] [Server thread/INFO] [ModdingLegacy/blue_skies/]: Sending HorizoniteForgeFuelManager to Octlopez04
[09Oct2025 05:22:07.598] [Server thread/INFO] [ModdingLegacy/blue_skies/]: Sending AlchemyRecipeManager to Octlopez04
[09Oct2025 05:22:07.603] [Server thread/INFO] [ModdingLegacy/blue_skies/]: Sending JournalEntryManager to Octlopez04
[09Oct2025 05:22:07.608] [Server thread/INFO] [ModdingLegacy/blue_skies/]: Sending JournalSectionManager to Octlopez04
[09Oct2025 05:22:07.608] [Server thread/INFO] [ModdingLegacy/blue_skies/]: Sending JournalRequirementManager to Octlopez04
[09Oct2025 05:22:07.613] [Server thread/INFO] [citadel/]: Added to minecraft:village/plains/houses structure pool
[09Oct2025 05:22:07.614] [Server thread/INFO] [citadel/]: Added to minecraft:village/desert/houses structure pool
[09Oct2025 05:22:07.614] [Server thread/INFO] [citadel/]: Added to minecraft:village/savanna/houses structure pool
[09Oct2025 05:22:07.614] [Server thread/INFO] [citadel/]: Added to minecraft:village/snowy/houses structure pool
[09Oct2025 05:22:07.614] [Server thread/INFO] [citadel/]: Added to minecraft:village/taiga/houses structure pool
[09Oct2025 05:22:07.674] [Server thread/INFO] [net.minecraft.server.dedicated.DedicatedServer/]: Octlopez04 joined the game
[09Oct2025 05:22:07.682] [Server thread/INFO] [Reputation/]: Syncing 3 factions to the client
[09Oct2025 05:22:08.765] [Server thread/INFO] [Waila/]: Syncing config to Octlopez04 (5d715e32-995d-33dc-af6d-a80ee555a961)
[09Oct2025 05:22:08.780] [Server thread/INFO] [untamedwilds.UntamedWilds/]: Firing player login event
[09Oct2025 05:22:10.062] [Server thread/INFO] [de.melanx.simplebackups.SimpleBackups/]: Backup done.
[09Oct2025 05:22:11.799] [Server thread/WARN] [net.minecraft.server.MinecraftServer/]: Can't keep up! Is the server overloaded? Running 2010ms or 40 ticks behind
[09Oct2025 05:22:12.079] [Server thread/INFO] [APTweaks(Core)/]: [APTweaks:Core] ↑ Server load changed from VERY_LOW (avg. 6.730673313140869) to LOW (avg. 23.468120574951172)
[09Oct2025 05:22:12.135] [Server thread/INFO] [net.minecraftforge.common.AdvancementLoadFix/]: Using new advancement loading for net.minecraft.server.PlayerAdvancements@4668538e
[09Oct2025 05:22:12.195] [Server thread/ERROR] [net.minecraft.stats.ServerRecipeBook/]: Tried to load unrecognized recipe: apotheosis:crystal_seashelf removed now.
[09Oct2025 05:22:12.195] [Server thread/ERROR] [net.minecraft.stats.ServerRecipeBook/]: Tried to load unrecognized recipe: apotheosis:boots_tome removed now.
[09Oct2025 05:22:12.195] [Server thread/ERROR] [net.minecraft.stats.ServerRecipeBook/]: Tried to load unrecognized recipe: apotheosis:beeshelf removed now.
[09Oct2025 05:22:12.196] [Server thread/ERROR] [net.minecraft.stats.ServerRecipeBook/]: Tried to load unrecognized recipe: apotheosis:helmet_tome removed now.
[09Oct2025 05:22:12.196] [Server thread/ERROR] [net.minecraft.stats.ServerRecipeBook/]: Tried to load unrecognized recipe: apotheosis:seashelf removed now.
[09Oct2025 05:22:12.196] [Server thread/ERROR] [net.minecraft.stats.ServerRecipeBook/]: Tried to load unrecognized recipe: apotheosis:hellshelf removed now.
[09Oct2025 05:22:12.196] [Server thread/ERROR] [net.minecraft.stats.ServerRecipeBook/]: Tried to load unrecognized recipe: apotheosis:library removed now.
[09Oct2025 05:22:12.197] [Server thread/ERROR] [net.minecraft.stats.ServerRecipeBook/]: Tried to load unrecognized recipe: apotheosis:glowing_hellshelf removed now.
[09Oct2025 05:22:12.197] [Server thread/ERROR] [net.minecraft.stats.ServerRecipeBook/]: Tried to load unrecognized recipe: apotheosis:endshelf removed now.
[09Oct2025 05:22:12.197] [Server thread/ERROR] [net.minecraft.stats.ServerRecipeBook/]: Tried to load unrecognized recipe: apotheosis:melonshelf removed now.
[09Oct2025 05:22:12.198] [Server thread/ERROR] [net.minecraft.stats.ServerRecipeBook/]: Tried to load unrecognized recipe: apotheosis:vial_of_extraction removed now.
[09Oct2025 05:22:12.198] [Server thread/ERROR] [net.minecraft.stats.ServerRecipeBook/]: Tried to load unrecognized recipe: apotheosis:pearl_endshelf removed now.
[09Oct2025 05:22:12.198] [Server thread/ERROR] [net.minecraft.stats.ServerRecipeBook/]: Tried to load unrecognized recipe: apotheosis:enchanted_golden_apple removed now.
[09Oct2025 05:22:12.199] [Server thread/ERROR] [net.minecraft.stats.ServerRecipeBook/]: Tried to load unrecognized recipe: apotheosis:other_tome removed now.
[09Oct2025 05:22:12.200] [Server thread/ERROR] [net.minecraft.stats.ServerRecipeBook/]: Tried to load unrecognized recipe: apotheosis:vial_of_expulsion removed now.
[09Oct2025 05:22:12.200] [Server thread/ERROR] [net.minecraft.stats.ServerRecipeBook/]: Tried to load unrecognized recipe: apotheosis:bow_tome removed now.
[09Oct2025 05:22:12.200] [Server thread/ERROR] [net.minecraft.stats.ServerRecipeBook/]: Tried to load unrecognized recipe: apotheosis:heart_seashelf removed now.
[09Oct2025 05:22:12.201] [Server thread/ERROR] [net.minecraft.stats.ServerRecipeBook/]: Tried to load unrecognized recipe: apotheosis:pickaxe_tome removed now.
[09Oct2025 05:22:12.201] [Server thread/ERROR] [net.minecraft.stats.ServerRecipeBook/]: Tried to load unrecognized recipe: apotheosis:weapon_tome removed now.
[09Oct2025 05:22:12.201] [Server thread/ERROR] [net.minecraft.stats.ServerRecipeBook/]: Tried to load unrecognized recipe: apotheosis:blazing_hellshelf removed now.
[09Oct2025 05:22:12.202] [Server thread/ERROR] [net.minecraft.stats.ServerRecipeBook/]: Tried to load unrecognized recipe: apotheosis:fishing_tome removed now.
[09Oct2025 05:22:12.202] [Server thread/ERROR] [net.minecraft.stats.ServerRecipeBook/]: Tried to load unrecognized recipe: apotheosis:draconic_endshelf removed now.
[09Oct2025 05:22:12.203] [Server thread/ERROR] [net.minecraft.stats.ServerRecipeBook/]: Tried to load unrecognized recipe: apotheosis:chestplate_tome removed now.
[09Oct2025 05:22:12.203] [Server thread/ERROR] [net.minecraft.stats.ServerRecipeBook/]: Tried to load unrecognized recipe: apotheosis:ender_lead removed now.
[09Oct2025 05:22:12.204] [Server thread/ERROR] [net.minecraft.stats.ServerRecipeBook/]: Tried to load unrecognized recipe: crafttweaker:main.zs removed now.
[09Oct2025 05:22:12.204] [Server thread/ERROR] [net.minecraft.stats.ServerRecipeBook/]: Tried to load unrecognized recipe: apotheosis:leggings_tome removed now.
[09Oct2025 05:22:12.205] [Server thread/ERROR] [net.minecraft.stats.ServerRecipeBook/]: Tried to load unrecognized recipe: apotheosis:potion_charm_enchanting removed now.
[09Oct2025 05:22:12.205] [Server thread/ERROR] [net.minecraft.stats.ServerRecipeBook/]: Tried to load unrecognized recipe: apotheosis:crystal_seashelf removed now.
[09Oct2025 05:22:12.206] [Server thread/ERROR] [net.minecraft.stats.ServerRecipeBook/]: Tried to load unrecognized recipe: apotheosis:boots_tome removed now.
[09Oct2025 05:22:12.206] [Server thread/ERROR] [net.minecraft.stats.ServerRecipeBook/]: Tried to load unrecognized recipe: apotheosis:beeshelf removed now.
[09Oct2025 05:22:12.206] [Server thread/ERROR] [net.minecraft.stats.ServerRecipeBook/]: Tried to load unrecognized recipe: apotheosis:helmet_tome removed now.
[09Oct2025 05:22:12.206] [Server thread/ERROR] [net.minecraft.stats.ServerRecipeBook/]: Tried to load unrecognized recipe: apotheosis:seashelf removed now.
[09Oct2025 05:22:12.207] [Server thread/ERROR] [net.minecraft.stats.ServerRecipeBook/]: Tried to load unrecognized recipe: apotheosis:hellshelf removed now.
[09Oct2025 05:22:12.207] [Server thread/ERROR] [net.minecraft.stats.ServerRecipeBook/]: Tried to load unrecognized recipe: apotheosis:library removed now.
[09Oct2025 05:22:12.207] [Server thread/ERROR] [net.minecraft.stats.ServerRecipeBook/]: Tried to load unrecognized recipe: apotheosis:glowing_hellshelf removed now.
[09Oct2025 05:22:12.208] [Server thread/ERROR] [net.minecraft.stats.ServerRecipeBook/]: Tried to load unrecognized recipe: apotheosis:endshelf removed now.
[09Oct2025 05:22:12.208] [Server thread/ERROR] [net.minecraft.stats.ServerRecipeBook/]: Tried to load unrecognized recipe: apotheosis:melonshelf removed now.
[09Oct2025 05:22:12.208] [Server thread/ERROR] [net.minecraft.stats.ServerRecipeBook/]: Tried to load unrecognized recipe: apotheosis:vial_of_extraction removed now.
[09Oct2025 05:22:12.209] [Server thread/ERROR] [net.minecraft.stats.ServerRecipeBook/]: Tried to load unrecognized recipe: apotheosis:pearl_endshelf removed now.
[09Oct2025 05:22:12.209] [Server thread/ERROR] [net.minecraft.stats.ServerRecipeBook/]: Tried to load unrecognized recipe: apotheosis:enchanted_golden_apple removed now.
[09Oct2025 05:22:12.210] [Server thread/ERROR] [net.minecraft.stats.ServerRecipeBook/]: Tried to load unrecognized recipe: apotheosis:other_tome removed now.
[09Oct2025 05:22:12.210] [Server thread/ERROR] [net.minecraft.stats.ServerRecipeBook/]: Tried to load unrecognized recipe: apotheosis:vial_of_expulsion removed now.
[09Oct2025 05:22:12.210] [Server thread/ERROR] [net.minecraft.stats.ServerRecipeBook/]: Tried to load unrecognized recipe: apotheosis:bow_tome removed now.
[09Oct2025 05:22:12.211] [Server thread/ERROR] [net.minecraft.stats.ServerRecipeBook/]: Tried to load unrecognized recipe: apotheosis:heart_seashelf removed now.
[09Oct2025 05:22:12.211] [Server thread/ERROR] [net.minecraft.stats.ServerRecipeBook/]: Tried to load unrecognized recipe: apotheosis:pickaxe_tome removed now.
[09Oct2025 05:22:12.211] [Server thread/ERROR] [net.minecraft.stats.ServerRecipeBook/]: Tried to load unrecognized recipe: apotheosis:weapon_tome removed now.
[09Oct2025 05:22:12.212] [Server thread/ERROR] [net.minecraft.stats.ServerRecipeBook/]: Tried to load unrecognized recipe: apotheosis:blazing_hellshelf removed now.
[09Oct2025 05:22:12.213] [Server thread/ERROR] [net.minecraft.stats.ServerRecipeBook/]: Tried to load unrecognized recipe: apotheosis:fishing_tome removed now.
[09Oct2025 05:22:12.213] [Server thread/ERROR] [net.minecraft.stats.ServerRecipeBook/]: Tried to load unrecognized recipe: apotheosis:draconic_endshelf removed now.
[09Oct2025 05:22:12.214] [Server thread/ERROR] [net.minecraft.stats.ServerRecipeBook/]: Tried to load unrecognized recipe: apotheosis:chestplate_tome removed now.
[09Oct2025 05:22:12.214] [Server thread/ERROR] [net.minecraft.stats.ServerRecipeBook/]: Tried to load unrecognized recipe: apotheosis:ender_lead removed now.
[09Oct2025 05:22:12.214] [Server thread/ERROR] [net.minecraft.stats.ServerRecipeBook/]: Tried to load unrecognized recipe: crafttweaker:main.zs removed now.
[09Oct2025 05:22:12.215] [Server thread/ERROR] [net.minecraft.stats.ServerRecipeBook/]: Tried to load unrecognized recipe: apotheosis:leggings_tome removed now.
[09Oct2025 05:22:12.215] [Server thread/ERROR] [net.minecraft.stats.ServerRecipeBook/]: Tried to load unrecognized recipe: apotheosis:potion_charm_enchanting removed now.
[09Oct2025 05:22:12.224] [Server thread/INFO] [net.minecraft.server.players.PlayerList/]: Lumi_uwu[/100.108.54.3:52565] logged in with entity id 1194 at (-633.2714267067996, 64.0, 1483.4888837535023)
[09Oct2025 05:22:12.228] [Server thread/INFO] [ModdingLegacy/blue_skies/]: Sending ToolHandleTypeManager to Lumi_uwu
[09Oct2025 05:22:12.229] [Server thread/INFO] [ModdingLegacy/blue_skies/]: Sending SnowcapOvenFreezingManager to Lumi_uwu
[09Oct2025 05:22:12.229] [Server thread/INFO] [ModdingLegacy/blue_skies/]: Sending HorizoniteForgeFuelManager to Lumi_uwu
[09Oct2025 05:22:12.229] [Server thread/INFO] [ModdingLegacy/blue_skies/]: Sending AlchemyRecipeManager to Lumi_uwu
[09Oct2025 05:22:12.231] [Server thread/INFO] [ModdingLegacy/blue_skies/]: Sending JournalEntryManager to Lumi_uwu
[09Oct2025 05:22:12.233] [Server thread/INFO] [ModdingLegacy/blue_skies/]: Sending JournalSectionManager to Lumi_uwu
[09Oct2025 05:22:12.233] [Server thread/INFO] [ModdingLegacy/blue_skies/]: Sending JournalRequirementManager to Lumi_uwu
[09Oct2025 05:22:12.260] [Server thread/INFO] [net.minecraft.server.dedicated.DedicatedServer/]: Lumi_uwu joined the game
[09Oct2025 05:22:12.262] [Server thread/INFO] [Reputation/]: Syncing 3 factions to the client
[09Oct2025 05:22:12.357] [Server thread/INFO] [Waila/]: Syncing config to Lumi_uwu (18e495cc-ed40-33fc-8880-4b50499ba5c5)
[09Oct2025 05:22:12.358] [Server thread/INFO] [untamedwilds.UntamedWilds/]: Firing player login event
[09Oct2025 05:22:18.331] [Server thread/WARN] [net.minecraft.world.entity.ai.attributes.AttributeMap/]: Ignoring unknown attribute 'generic.movementSpeed'
[09Oct2025 05:22:56.940] [Server thread/INFO] [APTweaks(Core)/]: [APTweaks:Core] ↓ Server load changed from LOW (avg. 30.158851623535156) to VERY_LOW (avg. 15.267059326171875)
[09Oct2025 05:26:48.160] [Server thread/INFO] [sereneseasons/]: Season time skipped by 10638 in simple_mobs:fervent_dream
[09Oct2025 05:26:48.161] [Server thread/INFO] [sereneseasons/]: Season time skipped by 10638 in minecraft:the_nether
[09Oct2025 05:26:48.161] [Server thread/INFO] [sereneseasons/]: Season time skipped by 10638 in simple_mobs:distant_land
[09Oct2025 05:26:48.161] [Server thread/INFO] [sereneseasons/]: Season time skipped by 10638 in minecraft:the_end
[09Oct2025 05:26:48.161] [Server thread/INFO] [sereneseasons/]: Season time skipped by 10638 in blue_skies:everbright
[09Oct2025 05:26:48.161] [Server thread/INFO] [sereneseasons/]: Season time skipped by 10638 in blue_skies:everdawn
[09Oct2025 05:26:48.191] [Server thread/INFO] [sereneseasons/]: Season time skipped by 10638 in minecraft:overworld
[09Oct2025 05:27:32.343] [Server thread/ERROR] [Apotheosis : Adventure/]: Failed to execute LootRule minecraft:diamond_helmet/common/STAT/0.25!
[09Oct2025 05:27:52.092] [Server thread/ERROR] [Apotheosis : Adventure/]: Failed to execute LootRule minecraft:leather_helmet/common/STAT/0.25!
[09Oct2025 05:29:53.630] [Server thread/WARN] [Radium Class Analysis/]: Radium Class Analysis Error: Class net.p1nero.ss.entity.RainCutterSwordEntity cannot be analysed, because getting declared methods crashes with NoClassDefFoundError: com/mojang/blaze3d/vertex/PoseStack. This is usually caused by modded entities declaring methods that have a return type or parameter type that is annotated with @OnlyIn(value=Dist.CLIENT). Loading the type is not possible, because it only exists in the CLIENT environment. The recommended fix is to annotate the method with this argument or return type with the same annotation. Radium handles this error by assuming the class cannot be included in some optimizations.
[09Oct2025 05:30:00.904] [Server thread/INFO] [net.minecraft.world.entity.LivingEntity/]: Named entity WanderingTrader['Edmundo'/1079, l='ServerLevel[world]', x=-625.81, y=64.00, z=1491.51] died: Edmundo was slain by Octlopez04
[09Oct2025 05:31:36.523] [Server thread/ERROR] [Apotheosis : Adventure/]: Failed to execute LootRule minecraft:iron_helmet/common/STAT/0.25!
[09Oct2025 05:31:36.531] [Server thread/ERROR] [Apotheosis : Adventure/]: Failed to execute LootRule minecraft:diamond_helmet/common/STAT/0.25!
[09Oct2025 05:31:36.538] [Server thread/ERROR] [Apotheosis : Adventure/]: Failed to execute LootRule minecraft:iron_helmet/common/STAT/0.25!
[09Oct2025 05:31:36.542] [Server thread/ERROR] [Apotheosis : Adventure/]: Failed to execute LootRule minecraft:golden_helmet/common/STAT/0.25!
[09Oct2025 05:31:36.543] [Server thread/ERROR] [Apotheosis : Adventure/]: Failed to execute LootRule minecraft:golden_helmet/common/STAT/0.25!
[09Oct2025 05:31:36.550] [Server thread/ERROR] [Apotheosis : Adventure/]: Failed to execute LootRule minecraft:leather_helmet/common/STAT/0.25!
[09Oct2025 05:32:17.157] [Server thread/ERROR] [Apotheosis : Adventure/]: Failed to execute LootRule minecraft:golden_helmet/common/STAT/0.25!
[09Oct2025 05:32:17.158] [Server thread/ERROR] [Apotheosis : Adventure/]: Failed to execute LootRule minecraft:leather_helmet/common/STAT/0.25!
[09Oct2025 05:32:17.160] [Server thread/ERROR] [Apotheosis : Adventure/]: Failed to execute LootRule minecraft:chainmail_helmet/common/STAT/0.25!
[09Oct2025 05:32:17.174] [Server thread/ERROR] [Apotheosis : Adventure/]: Failed to execute LootRule minecraft:iron_helmet/common/STAT/0.25!
[09Oct2025 05:32:17.178] [Server thread/ERROR] [Apotheosis : Adventure/]: Failed to execute LootRule minecraft:leather_helmet/common/STAT/0.25!
[09Oct2025 05:32:17.180] [Server thread/ERROR] [Apotheosis : Adventure/]: Failed to execute LootRule minecraft:golden_helmet/common/STAT/0.25!
[09Oct2025 05:32:39.898] [Server thread/ERROR] [Apotheosis : Adventure/]: Failed to execute LootRule minecraft:leather_helmet/common/STAT/0.25!
[09Oct2025 05:32:39.899] [Server thread/ERROR] [Apotheosis : Adventure/]: Failed to execute LootRule minecraft:iron_helmet/common/STAT/0.25!
[09Oct2025 05:32:39.904] [Server thread/ERROR] [Apotheosis : Adventure/]: Failed to execute LootRule minecraft:golden_helmet/common/STAT/0.25!
[09Oct2025 05:33:06.803] [Server thread/ERROR] [Apotheosis : Adventure/]: Failed to execute LootRule minecraft:iron_helmet/common/STAT/0.25!
[09Oct2025 05:33:06.808] [Server thread/ERROR] [Apotheosis : Adventure/]: Failed to execute LootRule minecraft:netherite_helmet/common/STAT/0.25!
[09Oct2025 05:33:24.588] [Server thread/ERROR] [Apotheosis : Adventure/]: Failed to execute LootRule minecraft:iron_helmet/common/STAT/0.25!
[09Oct2025 05:33:24.589] [Server thread/ERROR] [Apotheosis : Adventure/]: Failed to execute LootRule minecraft:iron_helmet/common/STAT/0.25!
[09Oct2025 05:33:24.598] [Server thread/ERROR] [Apotheosis : Adventure/]: Failed to execute LootRule minecraft:golden_helmet/common/STAT/0.25!
[09Oct2025 05:33:24.610] [Server thread/ERROR] [Apotheosis : Adventure/]: Failed to execute LootRule minecraft:diamond_helmet/common/STAT/0.25!
[09Oct2025 05:33:24.619] [Server thread/ERROR] [Apotheosis : Adventure/]: Failed to execute LootRule minecraft:golden_helmet/common/STAT/0.25!
[09Oct2025 05:33:48.596] [Server thread/ERROR] [Apotheosis : Adventure/]: Failed to execute LootRule minecraft:diamond_helmet/common/STAT/0.25!
[09Oct2025 05:33:48.598] [Server thread/ERROR] [Apotheosis : Adventure/]: Failed to execute LootRule minecraft:diamond_helmet/common/STAT/0.25!
[09Oct2025 05:33:48.607] [Server thread/ERROR] [Apotheosis : Adventure/]: Failed to execute LootRule minecraft:leather_helmet/common/STAT/0.25!
[09Oct2025 05:37:52.947] [Server thread/INFO] [sereneseasons/]: Season time skipped by 10705 in simple_mobs:fervent_dream
[09Oct2025 05:37:52.947] [Server thread/INFO] [sereneseasons/]: Season time skipped by 10705 in minecraft:the_nether
[09Oct2025 05:37:52.947] [Server thread/INFO] [sereneseasons/]: Season time skipped by 10705 in simple_mobs:distant_land
[09Oct2025 05:37:52.947] [Server thread/INFO] [sereneseasons/]: Season time skipped by 10705 in minecraft:the_end
[09Oct2025 05:37:52.947] [Server thread/INFO] [sereneseasons/]: Season time skipped by 10705 in blue_skies:everbright
[09Oct2025 05:37:52.948] [Server thread/INFO] [sereneseasons/]: Season time skipped by 10705 in blue_skies:everdawn
[09Oct2025 05:37:52.990] [Server thread/INFO] [sereneseasons/]: Season time skipped by 10705 in minecraft:overworld
[09Oct2025 05:45:49.468] [Server thread/INFO] [APTweaks(Core)/]: [APTweaks:Core] ↑ Server load changed from VERY_LOW (avg. 7.748268127441406) to LOW (avg. 21.281818389892578)
[09Oct2025 05:45:56.940] [Server thread/INFO] [APTweaks(Core)/]: [APTweaks:Core] ↓ Server load changed from LOW (avg. 21.281818389892578) to VERY_LOW (avg. 8.405238151550293)
[09Oct2025 05:48:48.942] [Server thread/ERROR] [Apotheosis : Adventure/]: Failed to execute LootRule minecraft:netherite_helmet/common/STAT/0.25!
[09Oct2025 05:49:06.713] [Server thread/INFO] [sereneseasons/]: Season time skipped by 10526 in simple_mobs:fervent_dream
[09Oct2025 05:49:06.713] [Server thread/INFO] [sereneseasons/]: Season time skipped by 10526 in minecraft:the_nether
[09Oct2025 05:49:06.714] [Server thread/INFO] [sereneseasons/]: Season time skipped by 10526 in simple_mobs:distant_land
[09Oct2025 05:49:06.714] [Server thread/INFO] [sereneseasons/]: Season time skipped by 10526 in minecraft:the_end
[09Oct2025 05:49:06.714] [Server thread/INFO] [sereneseasons/]: Season time skipped by 10526 in blue_skies:everbright
[09Oct2025 05:49:06.714] [Server thread/INFO] [sereneseasons/]: Season time skipped by 10526 in blue_skies:everdawn
[09Oct2025 05:49:06.741] [Server thread/INFO] [sereneseasons/]: Season time skipped by 10526 in minecraft:overworld
[09Oct2025 05:50:05.692] [Server thread/ERROR] [Apotheosis : Adventure/]: Failed to execute LootRule minecraft:golden_helmet/common/STAT/0.25!
